CONCEPTICON_ID	CONCEPTICON_GLOSS	ENGLISH	SPANISH	PORTUGUESE	FORM	DOCULECT
744	EGG	egg	huevo	ovo	bachi	Capanahua
539	NEST	nest	nido	ninho	bachi, naja, baquejati	Capanahua
1423	FIGHT	fight	pelear	lutar	bahchinnani	Capanahua
2457	PATH OR ROAD	path or road	camino, sendero, trocha	CAMINHO	bahi	Capanahua
2252	PATH	path	trocha	caminho, vereda	bahi	Capanahua
1174	YESTERDAY	yesterday	ayer	ontem	bahquish	Capanahua
1329	TOMORROW	tomorrow	mañana	amanhã	bahquish	Capanahua
1879	DANCE	dance	bailar	dançar	bairahti, mahshahihqui	Capanahua
1486	PLANT (SOMETHING)	plant (something)	plantar, sembrar	plantar, semear	banaquin	Capanahua
1646	GIRL	girl	niña	menininha	baque	Capanahua
1304	CHILD (YOUNG HUMAN)	child (young human)	niño	criança, menino	baque	Capanahua
1366	BOY	boy	niño (chico)	menino, garoto	baque	Capanahua
1343	SUN	sun	sol	sol	bari	Capanahua
1342	SUMMER	summer	verano	verão	baritian	Capanahua
1226	YEAR	year	año	ano	baritian, bari	Capanahua
717	SWEET	sweet	dulce	doce	batani	Capanahua
981	ELBOW	elbow	codo	cotovelo	baxpoxco	Capanahua
1883	IN FRONT OF	in front of	delantero, delante	frente	bebo	Capanahua
213	SHAVE	shave	aleta	nadadeira	behma	Capanahua
1231	NEW	new	nuevo	novo	behna	Capanahua
1046	SHUT	shut	cerrar	fechar	behpoquib, besmiquin	Capanahua
1096	SONG	song	canción		behua	Capanahua
1560	FACE	face	cara	rosto	bemanan, besh, behonx	Capanahua
1468	LOOK FOR	look for	buscar (mirar)	buscar, procurar	benaquin	Capanahua
1200	HUSBAND	husband	marido, esposo	marido	bene	Capanahua
1248	EYE	eye	ojo	olho	bero	Capanahua
714	SEED	seed	semilla	semente	bero	Capanahua
1651	TEAR (OF EYE)	tear (of eye)	lágrima	lágrima	bero jene	Capanahua
1340	WITH	with	con		betan	Capanahua
1173	EYEBROW	eyebrow	frente	sobrancelhas	betonco, bemanan	Capanahua
763	SKIN	skin	piel, cutis, pellejo	pele, couro	bichi, rah	Capanahua
1509	MOSQUITO	mosquito	zancudo	mosquito	bii, chiquibin	Capanahua
1507	FRUIT	fruit	fruto	fruta	bimi	Capanahua
1517	WASP	wasp	avispa	vespa	bina	Capanahua
1519	RUN	run	correr	correr	bishquihihqui, hishtohi	Capanahua
1355	LAUGH	laugh	reír	rir	bitsati	Capanahua
119	DIVE	dive	zambullirse	mergulhar	boasihti	Capanahua
1591	UP	up	arriba, encima	em cima, sôbre	bochiqui, machi	Capanahua
1429	FULL	full	lleno	estar cheio	bohas, bocho	Capanahua
1475	COMB	comb	peine	pente	bohuexehti	Capanahua
2070	COMB (VERB)	comb (verb)	peinar		bohuexquin	Capanahua
942	HONEY	honey	miel	mel	bona jajene	Capanahua
2648	HAIR (HEAD)	hair (head)	cabello, pelo	cabelo	boo	Capanahua
1040	HAIR	hair	pelo	pelo	boo, rani	Capanahua
2468	BAG	bag	bolso		borasa	Capanahua
1753	TOP	top	parte superior	cume, topo	bosh	Capanahua
2014	GO DOWN (DESCEND)	go down (descend)	descender	descer, baixar	bototi	Capanahua
1917	TIE	tie	anudar	amarrar, atar	boxcajaquin	Capanahua
887	BITTER	bitter	amargo	amargo	cacha, mocani	Capanahua
1686	BEHIND	behind	atrás, detrás	atrás de	cahchiho	Capanahua
2142	RUN AWAY	run away	escapar		cahneti	Capanahua
1107	GO OUT	go out	salir	sair	caini, tsequeti	Capanahua
1750	CHOOSE	choose	escoger, elegir	escolher	caisquin	Capanahua
1654	LIGHTNING	lightning	relámpago	relâmpago	caná	Capanahua
694	GET	get	obtener (recibir)	obter, conseguir	cananquin	Capanahua
133	WEAVE	weave	tejer	tecer	caquequin	Capanahua
159	SWEET POTATO	sweet potato	camote, boniato, batata	batata-doce	cari	Capanahua
2117	DESIRE	desire	desear		caripahichi	Capanahua
10	FIREWOOD	firewood	leña	lenha	caro	Capanahua
1793	BAT	bat	murciélago	morcego	cashi	Capanahua
811	SOUL	soul	alma	alma, espírito	caya	Capanahua
1829	JUMP	jump	saltar	saltar	cayahi, cashtiti	Capanahua
214	STRETCH	stretch	alargar, estirar, tender	esticar	chaijaquin	Capanahua
1936	DEER	deer	venado, matacán	veado	chaxo	Capanahua
1047	PURSUE	pursue	perseguir	perseguir	chibanquin, sayahahquin	Capanahua
646	ASH	ash	cenizas	cinzas	chihi mapo	Capanahua
834	BUTTOCKS	buttocks	nalgas, trasero	ânus	chincan, chishqui	Capanahua
1564	LAZY	lazy	perezoso	preguiçoso	chiquish, queyoyosma	Capanahua
635	MILK	milk	leche	leite	chocho jene	Capanahua
380	WRINKLED	wrinkled	arrugado	enrugado	chohohi	Capanahua
1616	CLOTH	cloth	tela	tecido, pano	chopa	Capanahua
590	NAKED	naked	desnudo	despido, nu	chopajoma	Capanahua
1884	HARD	hard	duro (difícil)	duro	chorish, chahoma	Capanahua
1856	SOFT	soft	suave	mole	choyo, nibani	Capanahua
2493	BOIL	boil	hervir		cobinjaquin, cobini	Capanahua
1337	PIG	pig	cerdo, puerco	porco europeu	cochi	Capanahua
1421	SUCK	suck	chupar, mamar	chupar, sugar	cocoquin	Capanahua
1791	BUTTERFLY	butterfly	mariposa	borboleta	cohcoxtobi	Capanahua
778	SMOKE (EXHAUST)	smoke (exhaust)	humo	nevoeiro	cohin	Capanahua
1489	CLOUD	cloud	nube	nuvem	cohin	Capanahua
1188	CHARCOAL	charcoal	carbón	carvão	coho tsiste, chihi tsiste	Capanahua
141	BURN (SOMETHING)	burn (something)	quemar, quemarse	queimar, incendiar	cohoti	Capanahua
1428	BURNING	burning	arder	queimar, arder	cohoti, chexaquin, mapohi	Capanahua
1657	TRUE	true	verdadero	verdadeiro	coin, quiquin	Capanahua
1808	PUS	pus	pus	pus	coo	Capanahua
1674	POOR	poor	pobre	pobre	coriquijoma	Capanahua
1621	SNEEZE	sneeze	estornudar	espirrar	hahtishconhihqui	Capanahua
962	WOMAN	woman	mujer	mulher	haibo	Capanahua
1202	BIG	big	grande (sg.)	ser grande	hani	Capanahua
479	GROW	grow	crecer	crescer	hanihi, bonohi	Capanahua
1318	CHICKEN	chicken	pollo	galo, frango	hatapa	Capanahua
1392	LOUSE	louse	piojo	piolho	hia, cai	Capanahua
624	LAKE	lake	lago	lago	hian	Capanahua
749	ENTER	enter	entrar	entrar	hihquihi, hihcohi	Capanahua
937	BIRD	bird	pájaro, ave	pássaro, ave	hihsá	Capanahua
1491	MOUSE	mouse	ratón	camundongo	hihshan	Capanahua
1210	HEAVY	heavy	pesado	pesado	hihué	Capanahua
1052	LIGHT (WEIGHT)	light (weight)	liviano, ligero (que pesa poco)	leve	hihuema	Capanahua
692	BRING	bring	traer	trazer	hihuequin, bequin	Capanahua
1447	GIVE	give	dar	dar	hinanquin, bihmaquin	Capanahua
1185	VULTURE	vulture	buitre	urubu, abutre	hishmin	Capanahua
1847	SICK	sick	estar enfermo	doente, doença	hisini	Capanahua
2009	DOG	dog	perro	cão, cachorro	hochiti	Capanahua
1406	FAR	far	lejos	longe	hochó, hojno	Capanahua
879	COUGH	cough	toser	tossir	hocohi, hihtani	Capanahua
658	RAIN (PRECIPITATION)	rain (precipitation)	lluvia	chuva	hoi	Capanahua
2108	RAINING OR RAIN	raining or rain	lluvia		hoihi	Capanahua
1410	KNOW (SOMETHING)	know (something)	saber	saber	honanquin	Capanahua
1388	SHADE	shade	sombra	sombra	hota	Capanahua
2374	DREAM	dream	sueño	SONHO / SONHAR	hoxa	Capanahua
1585	SLEEP	sleep	dormir	dormir	hoxahi	Capanahua
1313	MOON	moon	luna	lua	hoxné	Capanahua
203	MARRY	marry	casarse	casar	huanohi, benohi	Capanahua
1839	CRY	cry	llorar	chorar	huaohihqui, jiihihqui	Capanahua
864	PUMPKIN	pumpkin	zapallo, calabaza, calabazo	moranga	huaran	Capanahua
1454	WIPE	wipe	limpiar		huasaquin, horoquin, chishcoquin	Capanahua
680	BREAK (DESTROY OR GET DESTROYED)	break (destroy or get destroyed)	romper	romper, quebrar	huaxaquin, toshaquin, tehcaquin	Capanahua
1850	COTTON	cotton	algodón	algodão	huaxmen	Capanahua
666	RIVER	river	río	rio	huean, huaca	Capanahua
297	CROOKED	crooked	torcido	torcido, torto	huehquiya, cahco	Capanahua
1743	JOIN	join	unirse	juntar, unir	hueichi	Capanahua
501	LIFT	lift	levantar	levantar, içar	hueniquin, huaquequin	Capanahua
1493	ONE	one	uno	um, uma	huestí	Capanahua
1242	FEW	few	pocos	poucos	huestíbo, hichama	Capanahua
1672	WRITE	write	escribir	escrever	huishaquin	Capanahua
1430	STAR	star	estrella	estrela	huishi	Capanahua
1250	JAGUAR	jaguar	jaguar	onça pintada	huiso hino	Capanahua
163	BLACK	black	negro	preto, negro	huiso, tahshini	Capanahua
813	DO	do	hacer	fazer	ja	Capanahua
78	THAT	that	eso, ese, aquel	esse	jaa, toá, hoá	Capanahua
956	FLEE	flee	huir	escapar, fugir	jabati	Capanahua
1209	I	i	yo, mi	eu	jahue	Capanahua
738	THING	thing	cosa	coisa	jahuequibo	Capanahua
773	HAVE	have	tener	ter	jai	Capanahua
1205	TONGUE	tongue	lengua	lí­ngua	jana	Capanahua
674	MOUTH	mouth	boca	boca	jana, coh	Capanahua
1405	NAME	name	nombre	nome	jane	Capanahua
1937	THERE	there	allí	lá	jano, hoá	Capanahua
945	SPEAR	spear	lanza	lança	jashi	Capanahua
98	ALL	all	todo	tudo, todo	jatihibi, rahsi	Capanahua
817	THEY	they	ellos, ellas	eles, elas	jato, jaabo	Capanahua
1363	VOICE	voice	voz	voz	jee	Capanahua
1644	RELATIVES	relatives	parientes, parentela	parentes	jená	Capanahua
948	WATER	water	agua	água	jene	Capanahua
906	TREE	tree	árbol	árvore	jihui	Capanahua
1295	STICK	stick	palo		jihui	Capanahua
946	BLOOD	blood	sangre	sangue	jimi	Capanahua
1220	TAIL	tail	cola/rabo	rabo	jina	Capanahua
1222	PENIS	penis	pene	órgão sexual masculino	jina, boshi	Capanahua
503	FROG	frog	rana	rã	jiri, tinjahihcashan	Capanahua
587	ANT	ant	hormiga	formiga	jisis, jiin, xehi	Capanahua
1142	URINE	urine	orina	urina	jison	Capanahua
489	KIDNEY	kidney	riñón	rim	jison borasa, jeoxco	Capanahua
592	PISS	piss	orinar	urinar	jisoni	Capanahua
1819	LOOK	look	mirar, contemplar	olhar para, fitar	jisquin	Capanahua
239	FLOWER	flower	flor	inflorescência	joa	Capanahua
1100	COOK (SOMETHING)	cook (something)	cocinar	cozinhar	joaquin	Capanahua
797	TESTICLES	testicles	testículo	testículo	jobo	Capanahua
1307	LANGUAGE	language	lengua, idioma	língua (idioma)	joi	Capanahua
1786	DRY UP	dry up	secar	secar	jomesaquin	Capanahua
602	HIDE (CONCEAL)	hide (conceal)	esconder (algo)	esconder	jonequin	Capanahua
683	PERSON	person	persona, ser humano	pessoa, ser humano	joni	Capanahua
156	RED	red	rojo	vermelho	joshini	Capanahua
1335	WHITE	white	blanco	branco	joxoni	Capanahua
1666	MUTE	mute	mudo	mudo	joyo	Capanahua
1240	NOT	not	no	não	ma	Capanahua
1269	NO	no	no, negativo	não, negativo	ma	Capanahua
1376	NOW	now	ahora	agora	ma, rahma, sca	Capanahua
857	STONE	stone	piedra	pedra	macan	Capanahua
1543	SNAIL	snail	caracol	lesma	mahchi raro	Capanahua
761	COVER	cover	cubrir	cobrir	mahpoquin, maanquin	Capanahua
1494	DIE	die	morir	morrer	mahuati, hhihqui	Capanahua
1228	EARTH (SOIL)	earth (soil)	tierra	terra (solo)	mai	Capanahua
1216	MOTHER	mother	madre	mãe	mama	Capanahua
112	TURTLE	turtle	tortuga, motelo	tartaruga	manan xahue	Capanahua
614	HILL	hill	colina		manan, mahto	Capanahua
1590	WAIT (FOR)	wait (for)	esperar		manati, manaquin	Capanahua
665	BEE	bee	abeja	abelha	mano, bona	Capanahua
705	GO UP (ASCEND)	go up (ascend)	subir	subir	mapeti, nihinati	Capanahua
1256	HEAD	head	cabeza	cabeça	mapo, bo, box	Capanahua
1571	SELL	sell	vender	vender	maromaquin	Capanahua
1869	BUY	buy	comprar	comprar	maroquin, bihquin	Capanahua
671	SAND	sand	arena	areia	mashi	Capanahua
1393	HORN (ANATOMY)	horn (anatomy)	cuerno	chifre, corno	mashpi	Capanahua
1287	COLD	cold	frío	frio	matsini	Capanahua
301	CHIEFTAIN	chieftain	jefe, cacique	chefe, cacique	maxéyahpa, hapo	Capanahua
1531	BRANCH	branch	rama	galho	mebi	Capanahua
1019	RIGHT	right	derecho	direito	mecáyaho	Capanahua
1726	WET	wet	mojado	molhado, úmido	mehchá	Capanahua
1892	TOUCH	touch	tocar	tocar	mehequin, tsasihi	Capanahua
1374	RING	ring	anillo, sortija	anel	mehosohti	Capanahua
244	LEFT	left	izquierdo	esquerdo	memiho	Capanahua
1258	FINGERNAIL	fingernail	uña	unha	mentsis	Capanahua
980	HEEL	heel	talón	calcanhar	mentsis, jotsisto	Capanahua
1277	HAND	hand	mano	mão	mequen	Capanahua
1183	PALM OF HAND	palm of hand	palma de la mano	palma de mão	mequen nahta, mequen mehta	Capanahua
719	FIND	find	encontrar, hallar	achar, encontrar	meraquin	Capanahua
1409	SEE	see	ver	ver	meraquin, jisquin	Capanahua
1594	FLOUR	flour	harina	farinha	meto	Capanahua
1303	FINGER	finger	dedo de la mano	dedo	metoti	Capanahua
1215	THOU	thou	usted	vocês	min, mia	Capanahua
1208	CAT	cat	gato	gato	misho	Capanahua
2638	FISHING	fishing	pescar	pescar	mishquiquin, haxanquin	Capanahua
1906	SOUR	sour	ácido, agrio	ácido, azedo	mocani, cachapi	Capanahua
1422	BE ALIVE	be alive	vivo	vivo	mohitahpa	Capanahua
1602	WAKE UP	wake up	despertarse	acordar	mohiti	Capanahua
124	THORN	thorn	ESPINA	espinho	moxa	Capanahua
1606	INSIDE	inside	adentro, dentro	dentro	na	Capanahua
321	CHEW	chew	masticar	mastigar, mascar	nacaquin	Capanahua
1733	RAINBOW	rainbow	arcoiris	arco-í­ris	nahuan bahi, yoshin bahi	Capanahua
1732	SKY	sky	cielo	céu	naí	Capanahua
1326	DOWN	down	abajo		naman	Capanahua
1485	BELOW OR UNDER	below or under	debajo	embaixo de	naman	Capanahua
1920	DREAM (SOMETHING)	dream (something)	soñar	sonhar	namaquin	Capanahua
634	MEAT	meat	carne	carne	nami, maxeti	Capanahua
3208	CENTER OR MIDDLE	center or middle	medio, centro	meio, centro	napon	Capanahua
138	BATHE	bathe	bañarse	tomar banho	nashihi	Capanahua
1838	NAVEL	navel	ombligo	umbigo	nashpi	Capanahua
46	HOLLOW OUT	hollow out	ahuecar	esburacar, cavar	naxntenquin	Capanahua
1214	THIS	this	este	este	ne, neá	Capanahua
1983	SNORE	snore	roncar	roncar, ressonar	neanhihqui	Capanahua
136	HERE	here	aquí	aqui	neno, neá	Capanahua
1203	LONG	long	largo	longo	nenqué, chai	Capanahua
1225	DAY (NOT NIGHT)	day (not night)	día	dia	nete	Capanahua
48	BE SILENT	be silent	callarse	ficar em silêncio	neteti, comocoqueti	Capanahua
1094	FASTEN	fasten	Amarrar		nexaquin, boxcajaquin	Capanahua
1977	DEW	dew	rocío	orvalho	nibí	Capanahua
1443	WALK	walk	caminar, andar	andar, caminhar	nichi	Capanahua
679	BRIGHT	bright	brillante, resplandor	claro, brilhante	nihbani	Capanahua
639	MOUNTAIN	mountain	montaña, monte	serra	nihi	Capanahua
420	FOREST	forest	selva	floresta, mata	nihi	Capanahua
2124	SMELL	smell	olor	cheirar	nihis, hitsá	Capanahua
1408	HEAR	hear	oír	ouvir	nincaquin	Capanahua
127	EXTINGUISH	extinguish	apagar	extinguir	nocajaquin	Capanahua
1387	ARRIVE	arrive	llegar, alcanzar	chegar	nocoti	Capanahua
1439	SWIM	swim	nadar	nadar	nonahi	Capanahua
1574	FLOAT	float	flotar	flutuar	nonoti	Capanahua
1844	BOAT	boat	bote	canoa	nonti	Capanahua
1970	CANOE	canoe	canoa, curiara	canoa	nonti	Capanahua
1212	WE	we	nosotros/nosotras	nós	noque	Capanahua
1441	FLY (MOVE THROUGH AIR)	fly (move through air)	volar	voar	noyahi	Capanahua
996	DEAF	deaf	sordo	surdo	pabe	Capanahua
1247	EAR	ear	oreja	orelha	pabinqui	Capanahua
2334	MELT	melt	derretir		pachiquin, tachiquin	Capanahua
404	ALCOHOL (FERMENTED DRINK)	alcohol (fermented drink)	bebida fermentada	bebida fermentada	pahe	Capanahua
785	STRONG	strong	fuerte	FORTE	pahe, coshi	Capanahua
1986	DISEASE	disease	enfermedad (dolencia)		pahe, hisin	Capanahua
1463	DRUNK	drunk	ebrio	embriagado	paheni	Capanahua
2019	HAMMOCK	hammock	hamaca, chinchorro	rede	paish	Capanahua
1453	WASH	wash	lavar	lavar	panoquin, chocaquin	Capanahua
928	EMBRACE	embrace	abrazar (abrazo)	abraçar	paoquin, hicóquin	Capanahua
1217	FATHER	father	papá	pai	papa, hepa	Capanahua
1280	FALL	fall	caer	cair	paqueti, maihi	Capanahua
3230	DECEIVE	deceive	engañar		paranquin, paranahti	Capanahua
728	FIRST	first	primero	primeiro	pari	Capanahua
1778	APPROACH	approach	acercarse	aproximar	pataxquin	Capanahua
1360	DUCK	duck	pato, ánade	pato	pato, nonon	Capanahua
212	FIELD	field	roza, sementera	roça	patsa	Capanahua
1959	RAW	raw	crudo	cru	paxa	Capanahua
1958	UNRIPE	unripe	inmaduro, no maduro, verde	verde, imaturo	paxahi	Capanahua
1996	GET TIRED	get tired	cansar(se)		paxquini, jatsani	Capanahua
360	FAN (ACTION)	fan (action)	abanicar, aventar	ventilar, abanar	payaquin	Capanahua
1291	BACK	back	espalda	costas	peca, pexo, cahté	Capanahua
352	UNTIE	untie	desatar	desatar	pecaquin, mexninquin	Capanahua
628	LEAF	leaf	hoja de árbol	folha	pehi	Capanahua
1201	FEATHER	feather	pluma	pluma	pehi	Capanahua
1257	WING	wing	ala	asa	pehi, bash	Capanahua
1633	FLAT	flat	plano	plano, chato	peshpani, champani	Capanahua
1482	SHOULDER	shoulder	hombro	ombro	pexo tocan, perebo	Capanahua
2531	BROAD	broad	ancho		pextín, naxbá	Capanahua
1533	BE HUNGRY	be hungry	hambriento	TER FOME	picatsihqui, natsini	Capanahua
493	FIVE	five	cinco	cinco	pichca	Capanahua
994	BOW	bow	areo, o bodoquera	arco	pihá	Capanahua
1063	NEPHEW	nephew	sobrino	sobrinho	pihasha	Capanahua
1424	YELLOW	yellow	amarillo	amarelo	pioni, cana	Capanahua
1403	BITE	bite	morder	morder	piquin	Capanahua
1246	SMALL	small	pequeño	pequeno	pishcá, hani tahma	Capanahua
801	RIB	rib	costilla	costela	pishi xao	Capanahua
42	STINKING	stinking	hediondo	fedorento, mal cheiroso	pisi	Capanahua
1728	ROTTEN	rotten	podrido	podre	pisi, payo	Capanahua
1334	GUTS	guts	tripas	vísceras	poco	Capanahua
819	STOMACH	stomach	estómago	estômago, barriga	poco, jató	Capanahua
2004	BEND	bend	encorvar, doblar	dobrar, curvar	pohaquin, catoquin	Capanahua
676	SHIT (DEFECATE)	shit (defecate)	defecar, excremento (noun)	defecar	pohihi	Capanahua
3080	SPLIT OPEN	split open	rajar		pohtasquin, caxquequin	Capanahua
1404	STRAIGHT	straight	recto	reto	ponte, sibani	Capanahua
735	OWL	owl	lechuza	mocho, coruja	popo	Capanahua
2	DUST	dust	polvo	pó	poto, chitex, chishpó	Capanahua
1414	SQUEEZE	squeeze	exprimir	espremer, comprimir	potsiquin, jentsinquin, bishtaxquin	Capanahua
1673	ARM	arm	brazo	braço	poyan, pexo xao, bax	Capanahua
1336	EAT	eat	comer	comer	puquin, hahquin	Capanahua
492	THREE	three	tres	três	qimisha	Capanahua
923	LOVE	love	querer	amar	queeni, noiquin, jenipahichi	Capanahua
1156	OPEN	open	abrir	abrir, aberto	quehpenquin, quehchaquin	Capanahua
1275	ANSWER	answer	contestar	responder	quehuinquin	Capanahua
1457	SEW	sew	coser	costurar	quehxequin, rechíquin	Capanahua
1593	DEEP	deep	profundo, hondo	fundo	quempo, nemin	Capanahua
1157	BECAUSE	because	porque	porque	quen, copi	Capanahua
678	BEARD	beard	barba	barba	queni, corani, tepán	Capanahua
1396	SHARP	sharp	afilado, aguzado, filoso	agudo, afiado	queno	Capanahua
251	SHARPEN (SOMETHING)	sharpen (something)	afilar	AFIAR	quenoquin, xexquiquin	Capanahua
3653	COOKING POT	cooking pot	olla, paila	panela	quentí, chomo	Capanahua
1261	SING	sing	cantar	cantar	queoti, behuahi	Capanahua
478	LIP	lip	labio	lábios	quexá	Capanahua
1540	EYELASH	eyelash	pestaña	pestana, cílio	quexni, bero bexni	Capanahua
1244	THICK	thick	grueso	grosso	quextó, quehto	Capanahua
1278	VOMIT	vomit	vomitar, arrojar	vomitar	quinani, janani	Capanahua
1297	LEG	leg	pierna	perna	quishi, huistó, huihtax	Capanahua
1127	SEND	send	enviar, mandar	enviar, mandar	raanquin	Capanahua
1498	TWO	two	dos	dois, duas	rabe	Capanahua
1500	FOUR	four	cuatro	quatro	rabénon rabé, chosco	Capanahua
1371	KNEE	knee	rodilla	joelho	raboxo	Capanahua
215	LIE DOWN	lie down	acostarse, echarse	deitar-se	racati, hoxahi	Capanahua
1325	FRIEND	friend	amigo, compañero	amigo, companheiro	raehi	Capanahua
1268	YES	yes	sí, afirmativo	sim, afirmativo	rahan, che	Capanahua
1580	ONLY	only	solo, solamente	só, somente	rahsi, cohren	Capanahua
1358	ENEMY	enemy	enemigo	inimigo	rahui	Capanahua
1075	TRAP (PITFALL)	trap (pitfall)	trampa	cilada, armadilha	rampa	Capanahua
189	HAIR (BODY)	hair (body)	vello (del cuerpo)	cabelo, pêlo	rani	Capanahua
580	FUR	fur	peludo	pelo	raníhhuanhya	Capanahua
1923	ROUGH	rough	áspero	áspero	rashchá bi res	Capanahua
480	PLATE	plate	plato	prato	rato, quencha	Capanahua
1324	SLIP	slip	resbalar	escorregar, resvalar	raxcoti	Capanahua
1417	KILL	kill	matar	matar	rehtequin, hahquin	Capanahua
777	FLUTE	flute	flauta	flauta	rehue	Capanahua
1033	GRIND	grind	moler	moer	renequin	Capanahua
1221	NOSE	nose	nariz	nariz	requin	Capanahua
208	NASAL MUCUS (SNOT)	nasal mucus (snot)	moco	muco	resho, hoco	Capanahua
1218	ROPE	rope	soga, cuerda	corda, cordel	risbí, nishi	Capanahua
1433	HIT	hit	golpear	bater	rishquiquin, reraquin, rehtequin	Capanahua
1230	DIRTY	dirty	sucio	sujo	rishtá, taro	Capanahua
704	CLEAN	clean	limpio	limpo	rishtáma	Capanahua
8	CURSE	curse	maldecir	amaldiçoar	roaquin, choxaquin	Capanahua
974	TOBACCO	tobacco	tabaco	tabaco	rome	Capanahua
1689	SMOKE (INHALE)	smoke (inhale)	fumar	fumar	romejaquin, jotiti	Capanahua
1043	BRAID	braid	trenzar	trança	ronocahxojaquin	Capanahua
976	WEAR	wear	vestir		sahuemaquin	Capanahua
1895	CLOTHES	clothes	ropa	roupa	sahueti, chopa	Capanahua
178	RIPE	ripe	maduro	maduro	satani, johué	Capanahua
1577	AND	and	y	e	sca	Capanahua
1766	FINISH	finish	terminar	completar, acabar	senenjaquin, queyoquin	Capanahua
1025	WHISTLE	whistle	silbar, chiflar	assoviar	sesohi	Capanahua
544	SPICY	spicy	picante		shia	Capanahua
1398	DRY	dry	seco	seco	shinan, potoni	Capanahua
1523	FORGET	forget	olvidar	esquecer-se	shinanbehnoquin	Capanahua
707	REMEMBER	remember	recordar	lembrar-se	shinanquin	Capanahua
2271	THINK	think	pensar	pensar	shinanquin, hihqui	Capanahua
843	SPIDER	spider	araña	aranha	shinaxo	Capanahua
1413	PLAY	play	jugar	jogar, brincar	shirohi, pastorohahi	Capanahua
2003	FLOW	flow	fluir, correr	fluir	shoroti, bahihi	Capanahua
1035	GOOD	good	bueno	bom	sirí, rohapa	Capanahua
1224	LIVER	liver	hígado	fígado	taca	Capanahua
318	FOOTPRINT	footprint	huella	pegada	tahe	Capanahua
1301	FOOT	foot	pie	pé	tahe	Capanahua
1011	BRIDGE	bridge	puente	ponte	tahpan	Capanahua
977	ARROW	arrow	flecha	flecha	tahua, huexa	Capanahua
1730	CHEEK	cheek	mejilla	bochecha	tamo	Capanahua
908	DRUM	drum	tambor	tambor	tampora	Capanahua
1085	FOLLOW	follow	seguir	seguir	tanaquin, chibanquin	Capanahua
168	REST	rest	descansar	descansar	tantihi	Capanahua
670	ROOT	root	ráiz	raiz	tapon	Capanahua
827	ROLL	roll	rodar, arrollar, enrollar	rolar	taranquin, cahuan cahuani	Capanahua
1539	BASKET	basket	cesto, canasto, canasta	cesto, cesta	tasá	Capanahua
1274	SALT	salt	sal	sal	tashi	Capanahua
52	SHIVER	shiver	temblar	tremer	tastahihqui, tarihihqui, shacoti	Capanahua
688	LUNG	lung	pulmón	pulmão	taxhcan, boxan	Capanahua
319	LICK	lick	lamer	lamber	taxoquin, siroquin	Capanahua
1223	HEART	heart	corazón	coração	tecá, jointi	Capanahua
2308	THIN	thin	delgado	fino	techo, pechoni, paxbí	Capanahua
1086	WORK (ACTIVITY)	work (activity)	trabajar		teeti	Capanahua
1961	NECKLACE	necklace	collar	colar	teoti	Capanahua
2012	COLLAR	collar	collar	colarinho	teoti	Capanahua
38	SPREAD OUT	spread out	extender, esparcir	estender, espalhar	teponjaquin, pehchaquin, ahcanquin	Capanahua
1150	THUNDER	thunder	trueno	trovão	terenhihca	Capanahua
1359	SEPARATE	separate	separar, apartar	separar	teresahquin, mequequin	Capanahua
1437	SPLIT	split	hender, partir	rachar	tesquenjaquin	Capanahua
798	JAW	jaw	mandíbula	maxila	tetao xao, coi xao	Capanahua
1346	THROAT	throat	garganta	gargante	tetonco, teton	Capanahua
1333	NECK	neck	cuello	pescoço	texo, teton, techon	Capanahua
1449	RUB	rub	frotar, enjugar	esfregar	teyoquin, rahsoquin	Capanahua
1292	BAD	bad	malo	mau	tiroma	Capanahua
66	KNEEL	kneel	arrodillarse	ajoelhar	tisquihihpaqueti	Capanahua
1440	SPIT	spit	escupir (saliva [noun])	cuspir	toshbanhahquin	Capanahua
21	TASTE (SOMETHING)	taste (something)	gustar, saborear	sabor, gosto	totoquin	Capanahua
3456	CRAWL OR CREEP	crawl or creep	gatear	rastejar, arrastar-se	toxquiti, mexquiti	Capanahua
1456	THROW	throw	tirar	jogar	tsacaquin	Capanahua
998	PUT	put	poner	pôr	tsahonquin, racanquin, niaquin	Capanahua
1476	CHAIR	chair	silla	cadeira	tsahoti	Capanahua
1649	SIT DOWN	sit down	sentarse	SENTAR (-SE)	tsahoti, yahsameti	Capanahua
1198	MANY	many	muchos	muitos	tsama, hicha	Capanahua
1576	PILE UP	pile up	amontonar	empilhar	tsamanquin	Capanahua
1109	WOUND	wound	herida, llaga	ferida, chaga	tsehue	Capanahua
2411	HURT (SOMEBODY)	hurt (somebody)	herir		tsehuejaquin	Capanahua
1913	PRESS	press	presionar	comprimir, apertar	tsihuaquin, tsihahquin	Capanahua
371	PICK UP	pick up	recoger	captar	tsinquiquin, yohcaquin	Capanahua
1831	MEET	meet	reunirse	encontrar	tsinquiti, mahpócani	Capanahua
378	PINCH	pinch	pellizcar	beliscar	tsominquin	Capanahua
630	LIGHT (RADIATION)	light (radiation)	luz	luz	xabá, nete	Capanahua
2296	SUNRISE	sunrise	amanecer		xabacohi	Capanahua
632	LIZARD	lizard	lagartija	lagarto	xabo	Capanahua
1204	BARK	bark	corteza, cascara	casca da árvore	xacá, rahbi	Capanahua
1219	WORM	worm	lombriz, gusano	vermelho	xacó, nohin	Capanahua
1624	EMPTY	empty	vacío	vazio	xahban	Capanahua
1251	BELLY	belly	vientre, barriga	barriga	xahquin, chixanen	Capanahua
2272	HOT OR WARM	hot or warm	caliente	quente	xana	Capanahua
1286	HOT	hot	caliente	quente	xanahi	Capanahua
1341	HEAT UP	heat up	calentar		xanajaquin	Capanahua
1394	BONE	bone	hueso	ossos	xao	Capanahua
999	JOINT	joint	Articulaciones		xao rechi	Capanahua
1432	CUT	cut	cortar	cortar	xatequin, tsiposquin	Capanahua
1767	SCRAPE	scrape	raspar, rallar	raspar	xaxaquin, raxquiquin	Capanahua
1909	SHAKE	shake	sacudir	agitar	xayanquin	Capanahua
1837	VULVA	vulva	vulva	órgão sexual feminino	xebi	Capanahua
765	MOVE	move	mover	mover	xecaquin, cahuenquin	Capanahua
897	SWALLOW	swallow	tragar	tragar, engolir	xehaquin	Capanahua
731	BEVERAGE	beverage	bebida	bebida	xehati	Capanahua
708	SHINE	shine	brillar	brilhar	xehnati, xabati	Capanahua
1567	DOOR	door	puerta	porta, portão	xehpoti	Capanahua
323	FAT (ORGANIC SUBSTANCE)	fat (organic substance)	grasa	gordura	xeni	Capanahua
1229	OLD	old	viejo	velho	xeni, paxte	Capanahua
506	MAIZE	maize	maíz	milho	xequi	Capanahua
1380	TOOTH	tooth	dientes	dente	xeta	Capanahua
1586	SMELL (PERCEIVE)	smell (perceive)	oler, olfatear	cheirar	xetequin	Capanahua
1252	HOUSE	house	casa	casa	xobo	Capanahua
275	PEEL	peel	pelar	descascar	xocaquin, rashpéquin	Capanahua
1592	CHEST	chest	pecho	peito	xochi	Capanahua
1962	ROAST (SOMETHING)	roast (something)	asar	ASSAR	xohiquin	Capanahua
2102	BURN	burn	quemar, arder	queimar	xohiquin, requeni, mapohi, cohaquin	Capanahua
1382	NEEDLE (FOR SEWING)	needle (for sewing)	aguja	agulha	xohmox	Capanahua
1402	BREAST	breast	teta, seno, pechos	seio, mama	xoma, chocho	Capanahua
960	WIND	wind	viento 	vento	xoó, nihue	Capanahua
175	BLOW (OF WIND)	blow (of wind)	soplar	soprar	xoonhahquin	Capanahua
1452	PUSH	push	empujar	empurrar	xotonquin, hueranquin	Capanahua
1588	TURN	turn	virar, girar	virar	yabiquin, mayaquin, bobiquin	Capanahua
1170	TRAP (CATCH)	trap (catch)	atrapar	armar uma cilada, pegar em armadilha	yahtanquin, comespoquin	Capanahua
1660	LOSE	lose	perder		yamajaquin, manómaquin	Capanahua
11	DARKNESS	darkness	oscuridad, tinieblas	escuridão	yame, bahquish	Capanahua
706	DARK	dark	oscuro	escuro	yameni, tashini, meshoni, huiso	Capanahua
729	DAWN	dawn	madrugada	amanhecer	yamequiri, hihari	Capanahua
677	AXE	axe	hacha	machado	yami, rohue	Capanahua
1897	HELP	help	ayudar	ajudar	yanapanquin	Capanahua
837	BLUE	blue	azul	azul	yancon	Capanahua
1425	GREEN	green	verde (color)	verde	yancon, xoo	Capanahua
227	FISH	fish	pez, pescado	peixe	yapa, tsatsa	Capanahua
907	OLD WOMAN	old woman	mujer vieja	velha	yocabo	Capanahua
1828	ASK (REQUEST)	ask (request)	pedir	pedir	yocaquin	Capanahua
1309	ASK (INQUIRE)	ask (inquire)	preguntar	perguntar	yocaquin	Capanahua
919	CHILI PEPPER	chili pepper	ají	malagueta	yochi	Capanahua
925	CASSAVA	cassava	yuca	tapioca	yoha, hatsa	Capanahua
619	ANIMAL	animal	animal	animal, bicho	yohinah	Capanahua
1458	SAY	say	decir	dizer	yohiquin, hahquin	Capanahua
1232	WARM	warm	tibio, cálido	quente, cálido	yoho	Capanahua
1623	SPEAK	speak	hablar	falar (palavras)	yohuani, yohiquin	Capanahua
1161	THREAD	thread	hilo	linha, fio	yomen	Capanahua
121	SPIN	spin	hilar	fiar	yomenjaquin, toroxahquin	Capanahua
1435	HUNT	hunt	cazar	caçar	yomeraquin, hahquin	Capanahua
713	STEAL	steal	robar	roubar	yometsohti	Capanahua
3472	DANCE (MOVEMENT)	dance (movement)	danza		yora	Capanahua
1973	DEMON	demon	demonio	demônio	yoshin	Capanahua
1175	GHOST	ghost	fantasma, espíritu	fantasma	yoshin, caya	Capanahua
1239	HOW	how	¿cómo?	como?		
1238	WHEN	when	¿cuándo?	quando?		
1237	WHERE	where	¿dónde?	onde?		
1236	WHAT	what	¿qué?	que?		
1235	WHO	who	¿quién?	quem?		
1496	GRANDMOTHER	grandmother	abuela	avó		
1383	GRANDFATHER	grandfather	abuelo	avô		
1411	LIE (REST)	lie (rest)	acostarse (acostado)	DEITAR (-SE)		
762	OUTSIDE	outside	afuera, fuera, exterior	fora		
1631	FAST	fast	ágil	rápido, ligeiro		
1667	HOLE	hole	agujero	buraco		
1243	WIDE	wide	ancho, amplio	largo		
2259	FLESH	flesh	carne	carne		
2615	FLESH OR MEAT	flesh or meat	carne	carne		
667	ROAD	road	carretera	estrada, caminho		
860	CAUSE	cause	causar	causa		
1583	BRAIN	brain	cerebro, sesos	cérebro, miolos		
1860	BEAD	bead	chaquira, abalorio	contas, miçanga		
772	BELT	belt	cinturón, faja	cinto		
269	COOKED	cooked	cocido, cocinado	cozinhado, cozido		
1645	SHORT	short	corto	curto		
1575	COCKROACH	cockroach	cucaracha	barata		
1480	BODY	body	cuerpo	corpo		
1444	TURN AROUND	turn around	dar vuelta, voltear	voltar, dar a volta		
2866	DROP (SOMETHING)	drop (something)	dejar caer	deixar cair		
1784	WANT	want	desear (querer)	querer		
681	DESTROY	destroy	destruir	destruir		
2504	DIFFERENT	different	diferente			
1783	PAIN	pain	dolor	dor		
1840	BUILD	build	edificar	construir		
76	YOUNG MAN	young man	el joven	rapaz		
855	SEIZE	seize	embargar	pegar		
737	LIGHT (IGNITE)	light (ignite)	encender	acender, atear		
1942	NEAR	near	está cerca	perto, próximo		
1267	NARROW	narrow	estrecho, angosto	estreito		
1418	DIG	dig	excavar, cavar	cavar, escavar		
690	BOTTOM	bottom	fondo	fundo		
123	FOREHEAD	forehead	frente (la)	testa, fronte		
3188	MIGHTY OR POWERFUL OR STRONG	mighty or powerful or strong	fuerte, poderoso	forte, poderoso		
1005	TWINS	twins	gemelos	gêmeos		
2409	BROWN	brown	moreno			
715	SHOUT	shout	grito (chillar)	gritar		
363	DWELL (LIVE, RESIDE)	dwell (live,  reside)	habitar, vivir	morar, residir		
307	HAWK	hawk	halcón	gavião		
1864	HUNGER	hunger	hambre	fome		
1758	OLDER SISTER	older sister	hermana mayor	irmã mais velha		
1761	YOUNGER SISTER	younger sister	hermana menor	irmã mais nova		
1759	OLDER BROTHER	older brother	hermano mayor	irmão mais velho		
1760	YOUNGER BROTHER	younger brother	hermano menor	irmão mais novo		
606	GRASS	grass	hierba, pasto	grama		
1149	ORPHAN	orphan	huérfano/ huérfana	órfão/órfã		
411	GOURD	gourd	jícara	cabaça		
77	YOUNG WOMAN	young woman	jóven mujer	moça		
682	SIDE	side	lado, costado	lado		
1048	CALL	call	línea	linha		
320	LAME	lame	lisiado	coxo		
640	MUD	mud	lodo	lama, lodo		
723	PLACE (POSITION)	place (position)	lugar, sitio	espaço, lugar		
221	FIRE	fire	fuego	fogo		
1803	WOOD	wood	madera	madeira		
1339	MORNING	morning	madrugada	manhã		
2144	SPRING OR WELL	spring or well	manantial, pozo	nascente, poço		
225	PESTLE	pestle	mano de mortero	socador (do pilão)		
806	BLANKET	blanket	manta	cobertor		
1720	SIGN	sign	marca			
1199	WIFE	wife	marida, esposa	esposa, mulher		
3780	PET	pet	mascota			
1372	MEDICINE	medicine	medicina, remedio	medicamento, remédio		
601	LIE (MISLEAD)	lie (mislead)	mentir (mentira)	mentir		
1510	CHIN	chin	barbilla, mentón	queixo		
2017	MIX	mix	mezclar, mixturar	misturar, mexer		
781	FEAR (FRIGHT)	fear (fright)	miedo	medo, susto		
816	HALF	half	mitad	metade		
1350	MONKEY	monkey	mono/s	macaco		
1821	BRUSH	brush	cepillo	escova		
471	UPPER LEG (THIGH)	upper leg (thigh)	muslo	coxa		
1711	TELL	tell	contar, narrar	dizer		
249	FOG	fog	niebla	névoa		
1289	BABY	baby	bebé	lactente		
739	FEED	feed	nutrir			
1587	SMELL (STINK)	smell (stink)	heder, apestar, oler mal	cheirar		
2297	DUSK	dusk	anochecer, atardecer			
505	PARENTS	parents	padres	pais		
652	PLAIN	plain	llanura, campo	campo, planície, savannah		
882	PARROT	parrot	papagayo	papagaio		
593	POTATO	potato	papa	batata		
1845	BALL	ball	pelota, esfera, globo	esfera, bola		
1415	THINK (REFLECT)	think (reflect)	pensar (cogitar)	pensar		
195	MAT	mat	petate	tapete		
256	FOOD	food	comida	alimento		
1442	STAND	stand	poner(se) de pie	levantar-se		
281	POST	post	poste	poste, vara		
2295	SUNSET	sunset	atardecer, puesta de sol			
232	FLEA	flea	pulga	pulga		
1690	FENCE	fence	quitamiedos	cerca		
1490	RAT	rat	rata	RATO		
1827	HARVEST CROPS	harvest crops	cosechar			
7	GATHER	gather	colectar, reunir, compilar, recopilar	colecionar, reunir		
388	FISHNET	fishnet	red, atarraya	rede de pesca		
1407	BREATHE	breathe	respirar	respirar		
696	STIR	stir	revolver			
379	BLUNT	blunt	embotado, romo	embotado, rombudo		
1735	TEAR (SHRED)	tear (shred)	romper, rasgar	romper, rasgar		
1182	NOISE	noise	ruido			
377	LOUD	loud	ruidoso	ruidoso, barulhento		
1752	LEAVE	leave	marcharse, irse, quitarse	partir, ir-se embora		
499	CURE	cure	curar	sarar, curar		
695	GO	go	ir	ir		
1090	BE BORN	be born	nacer	nascer		
1416	SIT	sit	sentado	sentar-se		
1719	BURY	bury	sepultar	enterrar		
641	MUSHROOM	mushroom	seta	cogumelo		
1886	ARMPIT	armpit	sobaco, axila	axila, sovaco		
129	CHOKE	choke	sofocar	sufocar		
1234	SMOOTH	smooth	liso	liso, macio		
25	DIRT	dirt	suciedad			
2506	LOOSE	loose	suelto			
769	ROOF	roof	techo	telhado, teto		
3294	BRAID (VERB) OR WEAVE (BASKET)	braid (verb) or weave (basket)	trenzar, tejer	tecer		
1448	HOLD	hold	tener (en mano), apoyar	segurar, agarrar		
162	HICCOUGH	hiccough	tener hipo	soluço		
549	COPULATE	copulate	tirar, tener relaciones sexuales	ter relações sexuais		
6	FILL	fill	terremoto	terremoto		
1419	FEAR (BE AFRAID)	fear (be afraid)	tener miedo	ter medo		
1207	YOUNG	young	jóven	jovem, novo		
1327	UNCLE	uncle	tío	tio		
3696	THROW AWAY	throw away	tirar			
1172	SHOOT	shoot	tirar, disparar	disparar, fuzilar		
1455	PULL	pull	jalar	puxar		
1233	NIGHT	night	noche	noite		
1401	DRINK	drink	beber, tomar	beber, tomar		
699	SAD	sad	triste	TRISTE (ZA)		
1241	SOME	some	alguno, pocos	alguns		
72	CLAW	claw	pezuña	unha		
700	CARRY	carry	cargar	levar		
1836	VAGINA	vagina	vagina	vagina		
1554	MAN	man	varón, hombre	homem		
2106	MALE PERSON	male person	varón, macho			
1159	FART	fart	pedo	peido		
730	SNAKE	snake	serpiente	cobra		
406	OLD MAN	old man	viejo	velho		
1524	ACCOMPANY	accompany	acompañar	vinho		
1629	EVENING	evening	anochecer	tarde		
1504	FLY (INSECT)	fly (insect)	mosca	mosca		
581	COME BACK	come back	volver, regresar	voltar, regressar		
1213	YOU	you	ustedes	vós		
1446	COME	come	venir	vir		
1253	RAIN (RAINING)	rain (raining)				
3320	SNARE (TRAP)	snare (trap)				
2319	LID (COVER, CAP)	lid (cover, cap)				
1195	GIVE BIRTH	give birth		parir		
3020	BREAK (BREAKING)	break (breaking)		quebrar(-se) / romper(-se)		
3452	MUCH	much				
2327	BECOME SICK	become sick				
423	GET LOST	get lost		PERDER-SE		
612	HEAT	heat				
3347	HIGH OR UP	high or up				
2159	GROUND	ground				
3603	EARTH OR LAND	earth or land		TERRA / PAÍS		
3463	RIVERBANK	riverbank				
2341	CLOUDY	cloudy				
2324	GET WET	get wet				
2069	SOAK (VERB)	soak (verb)				
143	HUMID	humid				
2015	MAKE DRY	make dry				
1625	DEAD	dead		morto		
2907	ROT	rot				
3287	BLOOM	bloom				
675	FAECES (EXCREMENT)	faeces (excrement)		fezes		
2613	SKIN (HUMAN)	skin (human)				
2486	HIDE	hide		ESCONDER		
2614	SKIN (ANIMAL)	skin (animal)				
3923	FEMALE ANIMAL	female animal				
3924	MALE ANIMAL	male animal				
3609	TOWN OR VILLAGE	town or village		cidade pequena ou vila		
2390	PECCARY	peccary				
1129	PAINFUL	painful				
2561	HURT (SENSE PAIN)	hurt (sense pain)				
3883	NOISY	noisy				
2113	OLD (USED)	old (used)				
2112	OLD (AGED)	old (aged)				
179	RIPEN	ripen				
3701	HOLLOW	hollow				
2790	HIGH OR TALL	high or tall				
2652	BROAD OR WIDE	broad or wide				
2248	KNOW (SOMEBODY)	know (somebody)				
3861	FAIL	fail				
2223	BE ANGRY	be angry				
2215	BECOME ANGRY	become angry				
3749	HATE (LOATHING)	hate (loathing)				
1615	ESCAPE	escape				
1955	GRIEVE	grieve				
3898	ACCEPT	accept				
1041	INCREASE	increase				
689	BETWEEN	between				
1741	ABOVE	above		encima		
1512	RISE (ONESELF)	rise (oneself)				
57	ATOP	atop		sobre		
750	DROP	drop				
463	FELL (A TREE)	fell (a tree)				
2912	FORWARD	forward				
2911	BACKWARD	backward				
870	BREATH	breath		hálito		
2472	SUCKLE (BREASTFEED, NURSE)	suckle (breastfeed, nurse)				
3913	COUGH (ACT OF COUGHING)	cough (act of coughing)				
3174	WAKE UP (SOMEONE)	wake up (someone)				
2492	BOIL (SOMETHING)	boil (something)				
282	POLE	pole				
1434	STAB	stab				
165	CHOP	chop				
3224	WRING	wring				
1473	FIST	fist				
1520	CRUSH	crush				
904	BERRY	berry				
2110	WARM (OF WEATHER)	warm (of weather)				
