ID	DOCULECT	CONCEPTICON_ID	CONCEPTICON_GLOSS	VALUE
1	Maxuruna	1335	WHITE	se
2	Atsahuaca	1247	EAR	páucani
3	Maxuruna	811	SOUL	nuntschusin
4	Maxuruna	1374	RING	matscho
5	Maxuruna	948	WATER	uaka
6	Maxuruna	906	TREE	yuy
7	Maxuruna	1408	HEAR	ghoake
8	Maxuruna	1247	EAR	papischan
9	Atsahuaca	1277	HAND	emé
10	Maxuruna	837	BLUE	tschüschü
11	Maxuruna	2648	HAIR (HEAD)	pu
12	Maxuruna	1333	NECK	saua
13	Arazaire	1221	NOSE	ā́wui
14	Maxuruna	1223	HEART	uinté
15	Maxuruna	1480	BODY	tahnine
16	Maxuruna	1329	TOMORROW	pariuschin
17	Maxuruna	1297	LEG	uipuku
18	Maxuruna	981	ELBOW	mupukuschau
19	Maxuruna	1225	DAY (NOT NIGHT)	pari-koisnas
20	Maxuruna	1336	EAT	yupenu
21	Maxuruna	1209	I	üpü
22	Maxuruna	1424	YELLOW	meos
23	Maxuruna	123	FOREHEAD	pumunan
24	Atsahuaca	1837	VULVA	hṓše
25	Maxuruna	1654	LIGHTNING	ghanantes
26	Maxuruna	1224	LIVER	tacqua
27	Maxuruna	1482	SHOULDER	putukunde
28	Atsahuaca	221	FIRE	chi
29	Maxuruna	221	FIRE	tzy
30	Maxuruna	1269	NO	ay
31	Maxuruna	478	LIP	guipý
32	Maxuruna	624	LAKE	tschan
33	Maxuruna	857	STONE	mesky
34	Maxuruna	420	FOREST	yuy
35	Maxuruna	1205	TONGUE	âna
36	Maxuruna	1203	LONG	tschuu
37	Arazaire	778	SMOKE (EXHAUST)	yúša
38	Atsahuaca	778	SMOKE (EXHAUST)	chicuani
39	Maxuruna	1402	BREAST	schuma
40	Maxuruna	1277	HAND	mukoü
41	Maxuruna	1216	MOTHER	mama
42	Maxuruna	962	WOMAN	tschirabo
43	Maxuruna	1221	NOSE	tüschan
44	Maxuruna	163	BLACK	tschüschü
45	Maxuruna	1269	NO	papy
46	Maxuruna	1212	WE	üpü
47	Maxuruna	1233	NIGHT	dschá-muras
48	Maxuruna	1248	EYE	pora
49	Maxuruna	674	MOUTH	üschá
50	Maxuruna	674	MOUTH	üschá
51	Maxuruna	1183	PALM OF HAND	mukinapasch
52	Maxuruna	1217	FATHER	papa
53	Maxuruna	1592	CHEST	takua
54	Maxuruna	1301	FOOT	uitas
55	Maxuruna	1371	KNEE	tantuscha
56	Maxuruna	1593	DEEP	maianzy
57	Maxuruna	1646	GIRL	sumayuka
58	Maxuruna	1366	BOY	tara nakany-qua
59	Maxuruna	670	ROOT	schuku
60	Maxuruna	156	RED	schyn
61	Maxuruna	946	BLOOD	ymy
62	Maxuruna	1343	SUN	pary
63	Maxuruna	1173	EYEBROW	purukupeze
64	Maxuruna	420	FOREST	nimuru
65	Maxuruna	1228	EARTH (SOIL)	mapu
66	Maxuruna	797	TESTICLES	ubu
67	Maxuruna	1150	THUNDER	apokuré
68	Maxuruna	1215	THOU	miby
69	Maxuruna	1251	BELLY	pokukite
70	Arazaire	227	FISH	seuva
71	Maxuruna	1425	GREEN	pürama
72	Maxuruna	1838	NAVEL	nitschum-puru
73	Maxuruna	1493	ONE	pazü
74	Maxuruna	1498	TWO	taboe
75	Maxuruna	492	THREE	mukenante
77	Atsahuaca	2009	DOG	inawuawua
78	MayorunaDomestica	948	WATER	waca
79	MayorunaDomestica	906	TREE	imi
80	MayorunaDomestica	1247	EAR	pabauan
81	MayorunaDomestica	2648	HAIR (HEAD)	bou
82	MayorunaDomestica	1540	EYELASH	bourcouram
83	MayorunaDomestica	1333	NECK	techo
84	MayorunaDomestica	1297	LEG	quesi
85	Atsahuaca	1343	SUN	huari
86	MayorunaDomestica	1303	FINGER	ancis
87	MayorunaDomestica	962	WOMAN	shirawa
88	MayorunaDomestica	239	FLOWER	wa
89	MayorunaDomestica	123	FOREHEAD	bamana
90	MayorunaDomestica	1654	LIGHTNING	abouarié
91	MayorunaDomestica	420	FOREST	nawé
92	MayorunaDomestica	1313	MOON	oueu
93	MayorunaDomestica	1277	HAND	macou
94	MayorunaDomestica	1277	HAND	maki quich
96	MayorunaDomestica	1221	NOSE	dehan
97	MayorunaDomestica	1248	EYE	bedo
98	MayorunaDomestica	674	MOUTH	ibi
99	MayorunaDomestica	674	MOUTH	ibi
100	MayorunaDomestica	1301	FOOT	tacu
101	MayorunaDomestica	227	FISH	japa
102	MayorunaDomestica	658	RAIN (PRECIPITATION)	oué
103	MayorunaDomestica	977	ARROW	tawa
104	MayorunaDomestica	1430	STAR	ispa
105	MayorunaDomestica	1228	EARTH (SOIL)	mapoa
106	MayorunaDomestica	1150	THUNDER	abou
107	MayorunaDomestica	1252	HOUSE	oubou
108	Arazaire	1382	NEEDLE (FOR SEWING)	wuarasentay
109	MayorunaDomestica	925	CASSAVA	aso
110	MayorunaFera	1335	WHITE	hourou
111	MayorunaFera	948	WATER	houaca
112	MayorunaFera	906	TREE	hibui
113	MayorunaFera	1247	EAR	pahuiran
114	MayorunaFera	2648	HAIR (HEAD)	boou
115	MayorunaFera	1256	HEAD	macho
116	MayorunaFera	1540	EYELASH	baracotis
117	MayorunaFera	1732	SKY	abou
118	MayorunaFera	837	BLUE	bani
119	MayorunaFera	1223	HEART	huintai
120	MayorunaFera	1204	BARK	ihui-bi-ti
121	Atsahuaca	1035	GOOD	dacucuy
122	MayorunaFera	962	WOMAN	tirahua
123	MayorunaFera	239	FLOWER	ihuina
124	MayorunaFera	628	LEAF	naispou
125	MayorunaFera	123	FOREHEAD	boumainan
126	MayorunaFera	1507	FRUIT	pata
127	Atsahuaca	1269	NO	chauma
128	MayorunaFera	624	LAKE	nia
129	MayorunaFera	420	FOREST	maiscan
130	MayorunaFera	630	LIGHT (RADIATION)	chaini
131	MayorunaFera	1313	MOON	hou-ji
133	MayorunaFera	1221	NOSE	dizan
134	MayorunaFera	163	BLACK	huizai
135	MayorunaFera	1269	NO	bamanch
136	MayorunaFera	1489	CLOUD	so-ou
137	MayorunaFera	674	MOUTH	ira
138	MayorunaFera	1301	FOOT	tahi
139	MayorunaFera	227	FISH	iapa
140	MayorunaFera	658	RAIN (PRECIPITATION)	houai-ai
141	MayorunaFera	670	ROOT	ihustapon
142	MayorunaFera	730	SNAKE	dounon
143	MayorunaFera	1430	STAR	huispa
144	MayorunaFera	1343	SUN	bari
145	MayorunaFera	1173	EYEBROW	barocoupetai
146	MayorunaFera	1228	EARTH (SOIL)	mapo
147	MayorunaFera	1252	HOUSE	chrubo
148	MayorunaFera	1251	BELLY	pousa
149	MayorunaFera	1493	ONE	patxi
150	MayorunaFera	1498	TWO	dabui
151	MayorunaFera	492	THREE	macadilantan-tai
153	MayorunaFera	2009	DOG	huapa
154	MayorunaFera	925	CASSAVA	hac̹a
155	JaunAvo	1752	LEAVE	ca-tsanta
156	JaunAvo	1335	WHITE	osso
157	JaunAvo	948	WATER	oni-passna
158	JaunAvo	948	WATER	om passna
159	JaunAvo	906	TREE	j-úi
160	JaunAvo	671	SAND	maschina
161	JaunAvo	1401	DRINK	sche am
162	JaunAvo	1261	SING	paveué
163	JaunAvo	2648	HAIR (HEAD)	voôn
164	JaunAvo	1256	HEAD	mápo
165	JaunAvo	634	MEAT	name
166	JaunAvo	1329	TOMORROW	oké sabaká
167	JaunAvo	1447	GIVE	ökö a-ué
168	JaunAvo	1303	FINGER	mué toti
169	JaunAvo	962	WOMAN	jussa
170	JaunAvo	1424	YELLOW	schini roabé
171	JaunAvo	123	FOREHEAD	boe maná
172	JaunAvo	1654	LIGHTNING	cananna
173	JaunAvo	1507	FRUIT	vimin
174	JaunAvo	1287	COLD	ini
175	JaunAvo	606	GRASS	guassi
176	JaunAvo	221	FIRE	tschü
177	JaunAvo	737	LIGHT (IGNITE)	tschü uvá ué
178	JaunAvo	635	MILK	schrúma
179	JaunAvo	857	STONE	saáschu
180	JaunAvo	420	FOREST	j-úi
181	JaunAvo	1205	TONGUE	haná
182	JaunAvo	1402	BREAST	srúma
183	JaunAvo	1277	HAND	muékana
184	JaunAvo	1216	MOTHER	kai
185	JaunAvo	1222	PENIS	iná
186	JaunAvo	1403	BITE	eakö
187	JaunAvo	1221	NOSE	erö-kin
188	JaunAvo	1233	NIGHT	waskitscha
189	JaunAvo	163	BLACK	tschekö
190	JaunAvo	1301	FOOT	taé
191	JaunAvo	227	FISH	oáka
192	JaunAvo	1201	FEATHER	poe
193	JaunAvo	1201	FEATHER	poö
194	JaunAvo	658	RAIN (PRECIPITATION)	ui
195	JaunAvo	670	ROOT	ivi tapóna
196	JaunAvo	156	RED	schini
197	JaunAvo	677	AXE	mané mosturóme
198	JaunAvo	1430	STAR	uistin
199	JaunAvo	977	ARROW	püa
200	JaunAvo	946	BLOOD	imi
201	JaunAvo	1343	SUN	baari
202	JaunAvo	1228	EARTH (SOIL)	maai
203	JaunAvo	1150	THUNDER	terénke
204	JaunAvo	1251	BELLY	puschú
205	JaunAvo	960	WIND	uenna
206	JaunAvo	1425	GREEN	iavan
207	JaunAvo	1493	ONE	aares
208	JaunAvo	1498	TWO	eranbué
209	JaunAvo	492	THREE	kimischá
212	JaunAvo	2009	DOG	tschaspa
213	JaunAvo	1936	DEER	tschassú
215	JaunAvo	1208	CAT	kăman püska
217	JaunAvo	974	TOBACCO	rúmoe
218	Culino	1752	LEAVE	nuncapa
219	Culino	1374	RING	yusá
220	Culino	948	WATER	yacu
221	Culino	948	WATER	kuhua
222	Culino	948	WATER	uaka
223	Culino	906	TREE	huibý
224	Culino	1733	RAINBOW	noaway
225	Culino	1408	HEAR	nighaky
226	Culino	937	BIRD	tschay
227	Culino	1247	EAR	tsabynky
228	Culino	1482	SHOULDER	puümaty
229	Culino	1645	SHORT	tukutscha
230	Culino	980	HEEL	tautschi-tschoko
231	Culino	2648	HAIR (HEAD)	wo
232	Culino	1480	BODY	üá
233	Culino	801	RIB	bispy
234	Culino	981	ELBOW	matüká
235	Culino	1380	TOOTH	dza̹ kiriri sita
236	Culino	1225	DAY (NOT NIGHT)	nutú
237	Culino	1336	EAT	hirity
238	Culino	239	FLOWER	egpeuy
239	Culino	628	LEAF	many
240	Culino	123	FOREHEAD	wumana
241	Culino	1507	FRUIT	wimŷ
242	Culino	1654	LIGHTNING	wüy-wuaky
243	Culino	1346	THROAT	nu-rhunty
244	Culino	1224	LIVER	taghá
245	Culino	683	PERSON	nukuny
246	Culino	1482	SHOULDER	noaghôla
247	Culino	221	FIRE	yuai
248	Culino	478	LIP	ghüba
249	Culino	632	LIZARD	mûspera
250	Culino	624	LAKE	yá
251	Culino	857	STONE	misky
252	Culino	420	FOREST	hüybý
253	Culino	1205	TONGUE	ine caybáb anú
254	Culino	1203	LONG	neanty-hynuy
255	Culino	1313	MOON	oschý
256	Culino	1202	BIG	ani-tuschy
257	Culino	1402	BREAST	tschuma
258	Culino	1216	MOTHER	aini yarur
259	Culino	1216	MOTHER	üy-una
260	Culino	1222	PENIS	yah
261	Culino	1198	MANY	ytschá
262	Culino	1221	NOSE	rüky
263	Culino	1269	NO	aiy
264	Culino	1212	WE	nukü
265	Culino	1233	NIGHT	wakezy
266	Culino	674	MOUTH	iyashae cayuca
267	Culino	674	MOUTH	ecuacha
268	Culino	674	MOUTH	iyashae cayuca
269	Culino	674	MOUTH	ecuacha
270	Culino	1183	PALM OF HAND	muni-inapa
271	Culino	1217	FATHER	üympa
272	Culino	1592	CHEST	sitshú
273	Culino	1301	FOOT	whytá
274	Culino	227	FISH	ghüma
275	Culino	1371	KNEE	rátüka
276	Culino	1593	DEEP	tiamatschá
277	Culino	1366	BOY	würuna
278	Culino	670	ROOT	hüy-tapú
279	Culino	946	BLOOD	ymý
280	Culino	1430	STAR	wizy
281	Culino	1173	EYEBROW	nukewükasu
282	Culino	420	FOREST	muni-schinekai
283	Culino	1339	MORNING	nikykaunózyny
284	Culino	1228	EARTH (SOIL)	mái
285	Culino	797	TESTICLES	owú
286	Culino	1215	THOU	müa
287	Culino	1493	ONE	uüty
288	Culino	1498	TWO	rabii
289	Culino	492	THREE	taküma
292	Culino	1936	DEER	tschaschó
293	Culino	2009	DOG	ghamá
294	Culino	1318	CHICKEN	atau arika
295	Culino	1509	MOSQUITO	wy
296	Culino	1504	FLY (INSECT)	rhunschyu
297	Panos	948	WATER	umparse
298	Panos	906	TREE	ivi
299	Panos	1247	EAR	paviqué
300	Panos	678	BEARD	quoushni-rani
301	Panos	1401	DRINK	sceay
302	Panos	652	PLAIN	marspa
303	Panos	2648	HAIR (HEAD)	wou
304	Panos	1540	EYELASH	tapouch
305	Panos	1732	SKY	naibouch
306	Panos	1329	TOMORROW	vaquishnêlé
307	Panos	1973	DEMON	jaunchi
308	Panos	1380	TOOTH	schaila
309	Panos	1225	DAY (NOT NIGHT)	nêté
310	Panos	1252	HOUSE	tapino
311	Panos	1585	SLEEP	ousray
312	Panos	1336	EAT	moapiki
313	Panos	962	WOMAN	aivo
314	Panos	777	FLUTE	quichi
315	Panos	239	FLOWER	binie
316	Panos	1507	FRUIT	béni
317	Panos	1654	LIGHTNING	temoui maca
318	Panos	778	SMOKE (EXHAUST)	chiaqui
319	Panos	1371	KNEE	tapouchquou
320	Panos	683	PERSON	buene
321	Panos	221	FIRE	chi
322	Panos	1205	TONGUE	hana
323	Panos	1313	MOON	ouché
324	Panos	1202	BIG	jausi
325	Panos	1221	NOSE	raiki
326	Panos	1417	KILL	retequi
327	Panos	674	MOUTH	kaishra
328	Panos	744	EGG	vachi
329	Panos	1301	FOOT	tarri
330	Panos	189	HAIR (BODY)	rani
331	Panos	227	FISH	yapa
332	Panos	671	SAND	maouipote
333	Panos	671	SAND	machi
334	Panos	977	ARROW	arshi
335	Panos	730	SNAKE	rouno
336	Panos	1343	SUN	vari
337	Panos	1430	STAR	ouisti
338	Panos	1621	SNEEZE	atichai
339	Panos	1228	EARTH (SOIL)	mawi
340	Panos	879	COUGH	houcou
341	Panos	2252	PATH	ba-ï
342	Panos	2009	DOG	inawa
343	Panos	1793	BAT	cachi
344	Panos	906	TREE	nané
345	Panos	925	CASSAVA	atsa
346	Panos	974	TOBACCO	chica
347	MayorunaJandiatuba	1261	SING	mondé
348	MayorunaJandiatuba	1732	SKY	avô
349	MayorunaJandiatuba	1256	HEAD	mazço
350	MayorunaJandiatuba	1432	CUT	quesqué
351	MayorunaJandiatuba	1261	SING	munudé
352	MayorunaJandiatuba	1387	ARRIVE	sa-doén
353	MayorunaJandiatuba	1223	HEART	nin-té
354	MayorunaJandiatuba	1970	CANOE	cuatchán
355	MayorunaJandiatuba	680	BREAK (DESTROY OR GET DESTROYED)	mátzeé
356	MayorunaJandiatuba	1430	STAR	uitipá
357	MayorunaJandiatuba	221	FIRE	té
358	MayorunaJandiatuba	1587	SMELL (STINK)	pasavadé
359	MayorunaJandiatuba	123	FOREHEAD	pasé
360	MayorunaJandiatuba	1202	BIG	da-pá
361	MayorunaJandiatuba	715	SHOUT	aingué
362	MayorunaJandiatuba	1371	KNEE	dambedô
363	MayorunaJandiatuba	1313	MOON	vutché
364	MayorunaJandiatuba	10	FIREWOOD	carô
365	MayorunaJandiatuba	700	CARRY	tchacá-te
366	MayorunaJandiatuba	1403	BITE	paé
367	MayorunaJandiatuba	1793	BAT	coá tchipan
368	MayorunaJandiatuba	925	CASSAVA	azço
369	MayorunaJandiatuba	925	CASSAVA	aça
370	MayorunaJandiatuba	677	AXE	dôe
371	MayorunaJandiatuba	1417	KILL	tche-é
372	MayorunaJandiatuba	962	WOMAN	auim
373	MayorunaJandiatuba	1339	MORNING	setké
374	MayorunaJandiatuba	677	AXE	ndô-é
375	MayorunaJandiatuba	781	FEAR (FRIGHT)	dacuidé
376	MayorunaJandiatuba	962	WOMAN	aui
377	MayorunaJandiatuba	539	NEST	ná
378	MayorunaJandiatuba	1233	NIGHT	iamé
379	MayorunaJandiatuba	1233	NIGHT	iamedé
380	MayorunaJandiatuba	1231	NEW	ioká
381	MayorunaJandiatuba	590	NAKED	auenguadé
382	MayorunaJandiatuba	1221	NOSE	litchán
383	MayorunaJandiatuba	1268	YES	ai
384	MayorunaJandiatuba	1247	EAR	pauizçán
385	MayorunaJandiatuba	1247	EAR	fautchán
387	MayorunaJandiatuba	1248	EYE	boédo
388	MayorunaJandiatuba	1482	SHOULDER	potó
389	MayorunaJandiatuba	1394	BONE	tchavá
390	MayorunaJandiatuba	744	EGG	bozcei
391	MayorunaJandiatuba	3653	COOKING POT	mazçó
392	MayorunaJandiatuba	882	PARROT	tomi
393	MayorunaJandiatuba	1828	ASK (REQUEST)	naé
394	MayorunaJandiatuba	1475	COMB	que-uá-uá
395	MayorunaJandiatuba	1297	LEG	quissi
396	MayorunaJandiatuba	1210	HEAVY	eguán
397	MayorunaJandiatuba	1486	PLANT (SOMETHING)	mauané
398	MayorunaJandiatuba	1567	DOOR	sipuqué
399	MayorunaJandiatuba	163	BLACK	ussó
400	MayorunaJandiatuba	1829	JUMP	puduné
401	MayorunaJandiatuba	1301	FOOT	tuáe
402	MayorunaJandiatuba	1201	FEATHER	a-ni
403	MayorunaJandiatuba	1011	BRIDGE	poté
404	MayorunaJandiatuba	1222	PENIS	isoné
405	MayorunaJandiatuba	1222	PENIS	tchúi
406	MayorunaJandiatuba	163	BLACK	uisó
407	MayorunaJandiatuba	1210	HEAVY	ivuôe
409	MayorunaJandiatuba	1455	PULL	tẽ-gáe
410	MayorunaJandiatuba	2648	HAIR (HEAD)	daui
411	MayorunaJandiatuba	1942	NEAR	nezcé
412	MayorunaJandiatuba	1428	BURNING	tamoé
413	MayorunaJandiatuba	1220	TAIL	inhá
414	MayorunaJandiatuba	1035	GOOD	birama
415	MayorunaJandiatuba	212	FIELD	máe
416	MayorunaJandiatuba	1983	SNORE	ucé
417	MayorunaJandiatuba	996	DEAF	nitchagué
418	MayorunaJandiatuba	1416	SIT	tadé
419	MayorunaJandiatuba	1268	YES	ai
420	MayorunaJandiatuba	946	BLOOD	imi
421	MayorunaJandiatuba	1909	SHAKE	ho-clé
422	MayorunaJandiatuba	1274	SALT	iú-cara
423	MayorunaJandiatuba	1398	DRY	tanoné
424	MayorunaJandiatuba	1416	SIT	tadé
425	MayorunaJandiatuba	705	GO UP (ASCEND)	danané
426	MayorunaJandiatuba	1920	DREAM (SOMETHING)	namagué
427	MayorunaJandiatuba	175	BLOW (OF WIND)	buscai
428	MayorunaJandiatuba	112	TURTLE	necó
429	MayorunaJandiatuba	1629	EVENING	diamedé
430	MayorunaJandiatuba	797	TESTICLES	ovô
431	MayorunaJandiatuba	1215	THOU	aiú-dáke
432	MayorunaJandiatuba	879	COUGH	toso-sôgue
433	MayorunaJandiatuba	761	COVER	tongué
434	MayorunaJandiatuba	52	SHIVER	sacaqué
435	MayorunaJandiatuba	1150	THUNDER	avô
436	MayorunaJandiatuba	72	CLAW	tae-macán
437	MayorunaJandiatuba	1493	ONE	aipá
438	MayorunaJandiatuba	1498	TWO	dauét
439	MayorunaJandiatuba	492	THREE	inguá
443	MayorunaJandiatuba	72	CLAW	mainezcin
444	MayorunaJandiatuba	1838	NAVEL	nitchón
445	MayorunaJandiatuba	592	PISS	puicón
446	MayorunaJandiatuba	1229	OLD	maezço
447	MayorunaJandiatuba	960	WIND	anhán
448	MayorunaJandiatuba	960	WIND	iu-né
449	MayorunaJandiatuba	1837	VULVA	tchipi
450	MayorunaJandiatuba	1425	GREEN	ikiô
451	MayorunaJandiatuba	1219	WORM	chin-chin
452	MayorunaJandiatuba	581	COME BACK	ioé
453	MayorunaJandiatuba	1571	SELL	mainé
454	MayorunaJandiatuba	1936	DEER	tcha-tchô
455	MayorunaJandiatuba	1571	SELL	mainé
456	MayorunaJandiatuba	1441	FLY (MOVE THROUGH AIR)	coáne
457	MayorunaJandiatuba	1278	VOMIT	oké
458	Mabenaro	1554	MAN	dia
459	Mabenaro	962	WOMAN	wani
460	Mabenaro	1217	FATHER	tata
461	Mabenaro	1216	MOTHER	wanti
462	Mabenaro	1289	BABY	nana
463	Mabenaro	1366	BOY	ka'abo
464	Mabenaro	1646	GIRL	iyaro
465	Mabenaro	2648	HAIR (HEAD)	iyoiña
466	Mabenaro	1256	HEAD	iyoa
467	Mabenaro	1248	EYE	ithoa
468	Mabenaro	1173	EYEBROW	iboathuna
469	Mabenaro	1540	EYELASH	ithokaguiña
470	Mabenaro	1247	EAR	ithaha
471	Mabenaro	1221	NOSE	awi
472	Mabenaro	674	MOUTH	ikwatsa
473	Mabenaro	1380	TOOTH	itsi
475	Mabenaro	1333	NECK	inara
476	Mabenaro	1482	SHOULDER	ibatha
477	Mabenaro	1291	BACK	ibibakwa
478	Mabenaro	1592	CHEST	thatha
479	Mabenaro	1673	ARM	ibai
480	Mabenaro	1277	HAND	imiatsa
481	Mabenaro	1303	FINGER	imi
482	Mabenaro	1297	LEG	itha
483	Mabenaro	1301	FOOT	iwatsi
484	Mabenaro	937	BIRD	waboro
485	Mabenaro	1318	CHICKEN	tawalipa
486	Mabenaro	1287	COLD	buata
487	Mabenaro	1446	COME	thiathia
488	Mabenaro	2009	DOG	niyo
489	Mabenaro	1360	DUCK	hohi
490	Mabenaro	221	FIRE	kwathi
491	Mabenaro	420	FOREST	athe
492	Mabenaro	1286	HOT	atcowa
493	Mabenaro	1252	HOUSE	ithai'i
495	Mabenaro	882	PARROT	kwitsa
496	Mabenaro	906	TREE	akwi
497	Mabenaro	948	WATER	eowi
498	Mabenaro	925	CASSAVA	kwavia
499	Sensi	1205	TONGUE	yáta
500	Sensi	1380	TOOTH	ku̯õdsa
501	Sensi	1248	EYE	ítso
502	Sensi	1247	EAR	helīxi
503	Sensi	1256	HEAD	oma'tsi
504	Sensi	1277	HAND	epīpi
505	Sensi	948	WATER	enipáxa
506	Sensi	221	FIRE	tši
507	Sensi	1343	SUN	varīxi
508	Sensi	1313	MOON	puönĕ
509	Sensi	1228	EARTH (SOIL)	ku̯áhi
510	Sensi	857	STONE	mátsi
511	Sensi	1252	HOUSE	puôxê
512	Sensi	3653	COOKING POT	tšapuöxe
513	Sensi	1200	HUSBAND	mankõ
514	Sensi	962	WOMAN	tšinán
516	Sensi	925	CASSAVA	óma
517	Sensi	506	MAIZE	šinki
518	Sensi	1493	ONE	nawwištikoe
519	Sensi	1498	TWO	rawué
520	Sensi	492	THREE	narawuekoe
521	Sensi	1335	WHITE	hõxõ
522	Sensi	163	BLACK	tšõxö
523	Sensi	156	RED	õzé
524	Sensi	1035	GOOD	iro
525	Sensi	1292	BAD	mitšĕ
526	Sensi	1585	SLEEP	uxe
527	Sensi	1417	KILL	tetĕ
528	Sapibokona	948	WATER	eubi
529	Sapibokona	811	SOUL	einisu
530	Sapibokona	619	ANIMAL	niu
531	Sapibokona	1226	YEAR	mara
532	Sapibokona	1335	WHITE	pazamè
533	Sapibokona	674	MOUTH	ecuacha
534	Sapibokona	1673	ARM	ebbai
535	Sapibokona	2648	HAIR (HEAD)	echau
536	Sapibokona	1256	HEAD	echuja
537	Sapibokona	679	BRIGHT	cuareme
538	Sapibokona	1732	SKY	eucuepana
539	Sapibokona	1540	EYELASH	ejatisa
540	Sapibokona	1333	NECK	etippi
541	Sapibokona	1480	BODY	ecuita
542	Sapibokona	471	UPPER LEG (THIGH)	echuju
543	Sapibokona	1223	HEART	mauzumu
544	Sapibokona	1973	DEMON	isaba
545	Sapibokona	1380	TOOTH	echee
546	Sapibokona	1303	FINGER	emèe
547	Sapibokona	717	SWEET	vitame
548	Sapibokona	962	WOMAN	anu
549	Sapibokona	1560	FACE	ebbù
550	Sapibokona	123	FOREHEAD	emata
551	Sapibokona	1654	LIGHTNING	ilapa
552	Sapibokona	221	FIRE	cuati
553	Sapibokona	1297	LEG	etaa
554	Sapibokona	1225	DAY (NOT NIGHT)	chine
555	Sapibokona	1346	THROAT	etippi
556	Sapibokona	478	LIP	ecuachacubbi
557	Sapibokona	624	LAKE	eubihûre
558	Sapibokona	1205	TONGUE	eana
559	Sapibokona	1313	MOON	bari
560	Sapibokona	1216	MOTHER	cùa
561	Sapibokona	1277	HAND	emè
562	Sapibokona	942	HONEY	uvazaema
563	Sapibokona	1221	NOSE	evi
564	Sapibokona	163	BLACK	eihêru
565	Sapibokona	1233	NIGHT	maetahe
566	Sapibokona	1248	EYE	etua chûru
567	Sapibokona	42	STINKING	guanipuime
568	Sapibokona	706	DARK	appume
569	Sapibokona	1217	FATHER	tata
570	Sapibokona	1217	FATHER	checua
571	Sapibokona	227	FISH	sisi
572	Sapibokona	1592	CHEST	echerù
573	Sapibokona	1301	FOOT	ebbachi
574	Sapibokona	658	RAIN (PRECIPITATION)	nai
575	Sapibokona	156	RED	uchume
576	Sapibokona	857	STONE	tumu
577	Sapibokona	420	FOREST	eihêru
578	Sapibokona	1343	SUN	iseti
579	Sapibokona	1430	STAR	uvanabi
580	Sapibokona	1591	UP	evacuezbù
581	Sapibokona	1228	EARTH (SOIL)	mechi
582	Sapibokona	937	BIRD	buni
583	Sapibokona	960	WIND	veni
584	Sapibokona	1554	MAN	reanci
585	RemoBlanco	692	BRING	niriuta
586	RemoBlanco	1629	EVENING	nabui
587	RemoBlanco	769	ROOF	heuma
588	RemoBlanco	1035	GOOD	iru
589	RemoBlanco	1035	GOOD	hapudisi
590	RemoBlanco	1292	BAD	iruma
591	RemoBlanco	1161	THREAD	kiru
592	RemoBlanco	136	HERE	charuui
593	RemoBlanco	1406	FAR	imama
594	RemoBlanco	1406	FAR	puraha
595	RemoBlanco	1339	MORNING	nabodi
596	RemoBlanco	1339	MORNING	nahodi
597	RemoBlanco	1339	MORNING	sumitiri nauriya
598	RemoBlanco	1174	YESTERDAY	toponotzanidia
599	RemoBlanco	977	ARROW	taua
600	RemoBlanco	977	ARROW	piha
601	RemoBlanco	1423	FIGHT	achinei
602	RemoBlanco	1409	SEE	haibuiru
603	RemoBlanco	1430	STAR	eschti üfuu
604	RemoBlanco	1313	MOON	üjui
605	RemoBlanco	1150	THUNDER	neibanai hanabushi
607	RemoBlanco	1486	PLANT (SOMETHING)	huanei
608	RemoBlanco	1269	NO	inuhama
609	RemoBlanco	974	TOBACCO	rumwuma
610	RemoBlanco	1517	WASP	vinavina
611	RemoBlanco	1735	TEAR (SHRED)	putashinca
612	RemoBlanco	680	BREAK (DESTROY OR GET DESTROYED)	putashinca
613	RemoBlanco	1439	SWIM	nuaigue
614	RemoBlanco	1215	THOU	mi
615	RemoBlanco	1212	WE	nurana
616	RemoBlanco	1447	GIVE	pahameita
617	RemoBlanco	138	BATHE	tchuiya
618	RemoBlanco	1287	COLD	matzi
619	RemoBlanco	2009	DOG	innu
620	RemoBlanco	1970	CANOE	neuti
621	RemoBlanco	1847	SICK	mahai
622	RemoBlanco	1372	MEDICINE	rau
623	RemoBlanco	1585	SLEEP	uhai
624	RemoBlanco	1593	DEEP	noa
625	RemoBlanco	297	CROOKED	vugna
626	RemoBlanco	1493	ONE	usitchari
627	RemoBlanco	1498	TWO	narabe
628	RemoBlanco	492	THREE	narana
631	RemoBlanco	1236	WHAT	ari
632	RemoBlanco	1268	YES	arri
633	RemoBlanco	925	CASSAVA	atza
634	RemoBlanco	506	MAIZE	heni
635	RemoBlanco	713	STEAL	mitchu
636	RemoBlanco	10	FIREWOOD	aru
637	RemoBlanco	1726	WET	mutcha
638	RemoBlanco	1398	DRY	tchina
639	RemoBlanco	781	FEAR (FRIGHT)	ra-i
640	RemoBlanco	1202	BIG	upa
641	RemoBlanco	1246	SMALL	tchuquipista
642	RemoBlanco	1376	NOW	ninu-ninu
643	RemoBlanco	1564	LAZY	chiquichi
644	RemoMoa	925	CASSAVA	no'á
645	RemoMoa	677	AXE	rówï
646	RemoMoa	1936	DEER	çaštá
647	RemoMoa	212	FIELD	wá'i
648	RemoMoa	1498	TWO	rabi
649	RemoMoa	492	THREE	rabïnowïsti
652	RemoMoa	1277	HAND	mïkï
653	RemoMoa	506	MAIZE	hïki
654	RemoMoa	506	MAIZE	hïi
655	RemoMoa	159	SWEET POTATO	kári
656	RemoMoa	1977	DEW	nobï
657	RemoMoa	962	WOMAN	ãmpíni
658	RemoMoa	962	WOMAN	ãpini
659	RemoMoa	1554	MAN	'írábo
660	RemoMoa	1217	FATHER	papa
661	RemoMoa	1216	MOTHER	mama
662	RemoMoa	1313	MOON	'ohï
663	RemoMoa	632	LIZARD	kapï
664	RemoMoa	112	TURTLE	nïhó
665	RemoMoa	1268	YES	ïyá
666	RemoMoa	1268	YES	ïa
667	RemoMoa	1654	LIGHTNING	aná
668	RemoMoa	1489	CLOUD	nïtïkoro
669	RemoMoa	249	FOG	habákoro
670	RemoMoa	778	SMOKE (EXHAUST)	koï
671	RemoMoa	1509	MOSQUITO	šío
672	RemoMoa	1509	MOSQUITO	náa
673	RemoMoa	1509	MOSQUITO	bi:
674	RemoMoa	882	PARROT	␢áwa
675	Reyesano	1402	BREAST	aco
676	Reyesano	1443	WALK	adeneti
677	Reyesano	1202	BIG	aime
678	Reyesano	906	TREE	akwi
679	Reyesano	628	LEAF	akwi kwena
680	Reyesano	946	BLOOD	ami
681	Reyesano	1416	SIT	anipohe
682	Reyesano	962	WOMAN	ano
683	Reyesano	1233	NIGHT	apome
684	Reyesano	1401	DRINK	ʔas̆itihe
685	Reyesano	1401	DRINK	kas̆iti
686	Reyesano	1936	DEER	bacono
687	Reyesano	1313	MOON	mbandzi
688	Reyesano	624	LAKE	mbai
689	Reyesano	1732	SKY	mbaipa
690	Reyesano	730	SNAKE	mbakwa
691	Reyesano	1274	SALT	mbano
692	Reyesano	960	WIND	beni
693	Reyesano	1498	TWO	mbeta
694	Reyesano	1793	BAT	bina
695	Reyesano	919	CHILI PEPPER	mbis̆o
696	Reyesano	1392	LOUSE	biya
697	Reyesano	908	DRUM	mbombo
698	Reyesano	1504	FLY (INSECT)	veve
699	Reyesano	1287	COLD	viname
700	Reyesano	1219	WORM	cena
701	Reyesano	1336	EAT	ndzandzahe
702	Reyesano	112	TURTLE	ndzati
703	Reyesano	1554	MAN	ndzeha
704	Reyesano	1509	MOSQUITO	ndzi
705	Reyesano	1936	DEER	ndzokwei
706	Reyesano	1035	GOOD	vaime
707	Reyesano	1286	HOT	vindzindzime
708	Reyesano	1360	DUCK	vove
709	Reyesano	981	ELBOW	embaco
710	Reyesano	1673	ARM	embai
711	Reyesano	1291	BACK	embasendze
712	Reyesano	763	SKIN	embiti
713	Reyesano	1221	NOSE	evi
714	Reyesano	670	ROOT	ecaha
715	Reyesano	1394	BONE	ecao
716	Reyesano	2648	HAIR (HEAD)	ecao
717	Reyesano	1380	TOOTH	ece
718	Reyesano	1592	CHEST	ec̆endzo
719	Reyesano	1256	HEAD	ec̆oha
720	Reyesano	2252	PATH	endzis̆i
721	Reyesano	1507	FRUIT	ehaha
722	Reyesano	714	SEED	ehaha
723	Reyesano	674	MOUTH	ekwaca
724	Reyesano	728	FIRST	ekwene
725	Reyesano	798	JAW	elavi
726	Reyesano	1371	KNEE	emandzis̆ia
727	Reyesano	123	FOREHEAD	emata
728	Reyesano	1277	HAND	eme
729	Reyesano	1209	I	eme
730	Reyesano	1258	FINGERNAIL	emetis̆i
731	Reyesano	1257	WING	enambai
732	Reyesano	1228	EARTH (SOIL)	eowa
733	Reyesano	1229	OLD	esi
734	Reyesano	1247	EAR	es̆sakwena
735	Reyesano	1252	HOUSE	etai
736	Reyesano	1224	LIVER	etakwa
737	Reyesano	1150	THUNDER	etiriva
738	Reyesano	1220	TAIL	etisa
739	Reyesano	1301	FOOT	ewaci
740	Reyesano	159	SWEET POTATO	hai
741	Reyesano	864	PUMPKIN	hemi
742	Reyesano	3653	COOKING POT	hovo
744	Reyesano	1343	SUN	is̆eti
745	Reyesano	587	ANT	is̆ovi
746	Reyesano	492	THREE	kimis̆a
747	Reyesano	1216	MOTHER	-koʔa
748	Reyesano	908	DRUM	komokomo
749	Reyesano	1970	CANOE	kwamba
750	Reyesano	925	CASSAVA	kwave
751	Reyesano	221	FIRE	kwati
752	Reyesano	10	FIREWOOD	kwati
753	Reyesano	937	BIRD	kwesa
754	Reyesano	843	SPIDER	letete
755	Reyesano	974	TOBACCO	mava
756	Reyesano	1417	KILL	manemehe
757	Reyesano	1223	HEART	masomo
758	Reyesano	1228	EARTH (SOIL)	meci
759	Reyesano	671	SAND	mes̆is̆i
760	Reyesano	1228	EARTH (SOIL)	mes̆is̆i
761	Reyesano	1374	RING	metara
762	Reyesano	1215	THOU	mive
763	Reyesano	1208	CAT	mis̆i
764	Reyesano	1398	DRY	morimetembai
765	Reyesano	1335	WHITE	pavame
766	Reyesano	2009	DOG	pako
767	Reyesano	977	ARROW	piva
768	Reyesano	994	BOW	pivacoe
769	Reyesano	1936	DEER	pisini
771	Reyesano	1446	COME	poeyohe
773	Reyesano	695	GO	potihe
774	Reyesano	1654	LIGHTNING	sarara
775	Reyesano	163	BLACK	seveme
776	Reyesano	1219	WORM	setono
777	Reyesano	239	FLOWER	s̆as̆a
778	Reyesano	506	MAIZE	s̆ihe
779	Reyesano	1585	SLEEP	tavihe
780	Reyesano	1884	HARD	tandzame
781	Reyesano	1217	FATHER	-tata
782	Reyesano	212	FIELD	te
783	Reyesano	221	FIRE	-ti-
784	Reyesano	1447	GIVE	tiaheteʔeme
785	Reyesano	646	ASH	timo
786	Reyesano	1188	CHARCOAL	tis̆ehe
787	Reyesano	817	THEY	tonave
788	Reyesano	665	BEE	wava
789	Reyesano	1199	WIFE	-wane
790	Reyesano	1850	COTTON	wapeve
791	Reyesano	778	SMOKE (EXHAUST)	wondzo
792	Reyesano	1200	HUSBAND	-yave
793	Reyesano	606	GRASS	yaci
794	Reyesano	1205	TONGUE	yana
795	Reyesano	1482	SHOULDER	yara
796	Reyesano	948	WATER	yovi
797	Maxuruna	1645	SHORT	toezü
798	Maxuruna	980	HEEL	zitoku
799	Maxuruna	1256	HEAD	maschó
800	Maxuruna	801	RIB	mukasch
801	Maxuruna	1252	HOUSE	schubo
802	Maxuruna	239	FLOWER	pimy
803	Maxuruna	683	PERSON	tara
804	Maxuruna	1202	BIG	tapa
805	Maxuruna	1200	HUSBAND	patzü
806	Maxuruna	1222	PENIS	schuy
807	Maxuruna	1198	MANY	yua
808	Maxuruna	1430	STAR	uispà
809	Maxuruna	1339	MORNING	natypotze
811	MayorunaDomestica	1256	HEAD	moho
812	MayorunaDomestica	1732	SKY	abo
813	MayorunaDomestica	1223	HEART	wintay
814	MayorunaDomestica	221	FIRE	si
815	MayorunaDomestica	1592	CHEST	ilon
816	MayorunaDomestica	1489	CLOUD	oué
817	MayorunaDomestica	730	SNAKE	tiris
818	MayorunaDomestica	1343	SUN	bari
819	MayorunaFera	1333	NECK	guitai
820	MayorunaFera	1730	CHEEK	tanmou
821	MayorunaFera	221	FIRE	cii
822	MayorunaFera	1592	CHEST	chiton
823	MayorunaFera	671	SAND	mazi
824	MayorunaFera	977	ARROW	tahua
825	JaunAvo	1247	EAR	pauke
826	JaunAvo	1380	TOOTH	setá
827	JaunAvo	1225	DAY (NOT NIGHT)	sabaká
828	JaunAvo	1336	EAT	piue
829	JaunAvo	1174	YESTERDAY	saba-utza
830	JaunAvo	1313	MOON	urschĕ
831	JaunAvo	1248	EYE	buero
832	JaunAvo	1217	FATHER	papa
833	Culino	1256	HEAD	mazu
834	Culino	1333	NECK	tüka
835	Culino	1329	TOMORROW	viteka-aunetu
836	Culino	1297	LEG	wytasch
837	Culino	1252	HOUSE	subutischy
838	Culino	1209	I	iia
839	Culino	1248	EYE	würru
840	Culino	1646	GIRL	ainbekii
841	Culino	1343	SUN	wary
842	Culino	1150	THUNDER	naikipuky
843	Culino	1237	WHERE	aghübeka
844	Culino	1251	BELLY	buby
846	Panos	624	LAKE	ja
847	Panos	857	STONE	maca
848	Panos	163	BLACK	chersé
849	Panos	1269	NO	yama
850	Panos	1248	EYE	bouero
851	Panos	674	MOUTH	kaishra
852	Panos	1246	SMALL	chocoto
853	Panos	1173	EYEBROW	boipouchko
854	Panos	1150	THUNDER	temoui
855	Maxuruna	1380	TOOTH	tschittá
856	Maxuruna	1313	MOON	uyschy
857	Atsahuaca	974	TOBACCO	šavāro
858	MayorunaFera	1297	LEG	huipongo
859	MayorunaFera	674	MOUTH	ira
860	JaunAvo	744	EGG	vatsché
861	Culino	1223	HEART	huinty
862	Culino	1838	NAVEL	notschy-kuby
863	MayorunaDomestica	671	SAND	massi
2790	Pacahuara	948	WATER	'hɨnɨ
2791	Pacahuara	906	TREE	'hiwi
2792	Pacahuara	1732	SKY	na'ipa
2793	Pacahuara	1343	SUN	'waři
2794	Pacahuara	1313	MOON	'ʔoṣ̌ɨ
2795	Pacahuara	1430	STAR	'wištima
2796	Pacahuara	1150	THUNDER	'naina
2797	Pacahuara	1489	CLOUD	'c̷ɨmo
2798	Pacahuara	658	RAIN (PRECIPITATION)	o'i
2799	Pacahuara	658	RAIN (PRECIPITATION)	ʔo'i
2800	Pacahuara	221	FIRE	'čiʔi
2801	Pacahuara	778	SMOKE (EXHAUST)	ko'ʔina
2802	Pacahuara	646	ASH	'mišpo
2803	Pacahuara	10	FIREWOOD	'kařo
2804	Pacahuara	1554	MAN	'honi
2805	Pacahuara	962	WOMAN	'yoṣ̌a
2806	Pacahuara	1289	BABY	'wakɨ 'pistia
2807	Pacahuara	1200	HUSBAND	'wɨnɨ
2808	Pacahuara	1199	WIFE	ʔa'wini
2809	Pacahuara	1217	FATHER	'ɨpa
2810	Pacahuara	1217	FATHER	'ʔɨpa
2811	Pacahuara	1216	MOTHER	'kai
2812	Pacahuara	1209	I	'ɨa
2813	Pacahuara	1318	CHICKEN	pati'aři
2814	Pacahuara	539	NEST	'naʔa
2815	Pacahuara	937	BIRD	'isko
2816	Pacahuara	1185	VULTURE	po'iko
2817	Pacahuara	882	PARROT	'wawa
2818	Pacahuara	735	OWL	'popo
2819	Pacahuara	227	FISH	sa'nino
2820	Pacahuara	227	FISH	'woɨ
2821	Pacahuara	1936	DEER	'čaṣ̌o
2822	Pacahuara	1517	WASP	'wina
2823	Pacahuara	1509	MOSQUITO	'wii
2824	Pacahuara	503	FROG	wɨṣ̌ko
2825	Pacahuara	112	TURTLE	'ṣ̌awɨ
2826	Pacahuara	763	SKIN	'wiči
2827	Pacahuara	2648	HAIR (HEAD)	'woo
2828	Pacahuara	678	BEARD	'kɨni
2829	Pacahuara	946	BLOOD	'himi
2830	Pacahuara	1394	BONE	'ṣ̌ao
2831	Pacahuara	1256	HEAD	'mapo
2832	Pacahuara	1730	CHEEK	'tamo
2833	Pacahuara	1248	EYE	'wɨřo
2834	Pacahuara	1247	EAR	'paʔoki
2835	Pacahuara	1221	NOSE	řɨ'kina
2836	Pacahuara	674	MOUTH	kɨ'wɨči
2837	Pacahuara	1205	TONGUE	'hana
2838	Pacahuara	1380	TOOTH	'ṣ̌ɨna
2839	Pacahuara	1673	ARM	po'yana
2840	Pacahuara	1277	HAND	mɨ'kɨna
2841	Pacahuara	1297	LEG	'wiko
2842	Pacahuara	1301	FOOT	'taʔɨ
2843	Pacahuara	1223	HEART	howi'ti
2844	Pacahuara	688	LUNG	'taṣ̌a
2845	Pacahuara	1224	LIVER	'taka
2846	Pacahuara	1864	HUNGER	paṣ̌na'hai
2847	Pacahuara	1594	FLOUR	'moto
2848	Pacahuara	1507	FRUIT	'kɨo
2849	Pacahuara	744	EGG	'wači
2850	Pacahuara	1850	COTTON	waṣ̌'mɨna
2851	Pacahuara	1252	HOUSE	'ṣ̌owo
2852	Pacahuara	212	FIELD	'wai
2853	Pacahuara	506	MAIZE	'ṣ̌ɨki
2854	Pacahuara	670	ROOT	ta'pono
2855	Pacahuara	628	LEAF	'pɨʔi
2856	Pacahuara	239	FLOWER	'hoa
2857	Pacahuara	239	FLOWER	řeṣ̌'pana
2858	Pacahuara	906	TREE	'hiwi
2859	Pacahuara	925	CASSAVA	'ac̷a
2860	Pacahuara	1218	ROPE	'taška
2861	Pacahuara	1432	CUT	'kɨɨsakia
2862	Pacahuara	677	AXE	hača
2863	Pacahuara	1437	SPLIT	ma'tošmaki
2864	Pacahuara	1453	WASH	'aši
2865	Pacahuara	1970	CANOE	'noti
2866	Pacahuara	1406	FAR	nɨ'ama
2867	Pacahuara	1246	SMALL	'mišni
2868	Pacahuara	1667	HOLE	'kini
2869	Pacahuara	1498	TWO	ra'wɨ
2870	Pacahuara	1225	DAY (NOT NIGHT)	'waři
2871	Pacahuara	717	SWEET	tɨ'ɨ
2872	Pacahuara	1409	SEE	his'pa
2873	Pacahuara	1409	SEE	'hisna
2874	Pacahuara	1335	WHITE	'hoṣ̌o
2875	Pacahuara	156	RED	'šini
2876	Pacahuara	1396	SHARP	'ɨika
2877	Pacahuara	1210	HEAVY	'iwɨ
5143	Matis	38	SPREAD OUT	abeso
5144	Matis	1019	RIGHT	abiu
5145	Matis	1732	SKY	abu
5146	Matis	1489	CLOUD	abu
5147	Matis	1401	DRINK	ak
5148	Matis	1417	KILL	ak
5150	Matis	244	LEFT	amenuk
5151	Matis	1202	BIG	amɨ, tßɨ
5152	Matis	1205	TONGUE	ana
5153	Matis	1624	EMPTY	andadawid
5154	Matis	1216	MOTHER	ani
5155	Matis	1405	NAME	anɨ
5156	Matis	1485	BELOW OR UNDER	anpiduk
5158	Matis	925	CASSAVA	atsa
5159	Matis	98	ALL	atßuwɨß
5160	Matis	1199	WIFE	awin
5161	Matis	1269	NO	bama
5162	Matis	855	SEIZE	bed
5163	Matis	1517	WASP	binsin
5164	Matis	1523	FORGET	bɨama
5165	Matis	1035	GOOD	bɨda
5166	Matis	692	BRING	bɨden
5167	Matis	1248	EYE	bɨdu
5168	Matis	1200	HUSBAND	bɨnɨ
5169	Matis	700	CARRY	bowan
5170	Matis	189	HAIR (BODY)	bu
5171	Matis	2014	GO DOWN (DESCEND)	bud
5172	Matis	76	YOUNG MAN	buntak
5173	Matis	1759	OLDER BROTHER	butʃi
5174	Matis	1242	FEW	dabɨtsɨk
5175	Matis	1480	BODY	dada
5176	Matis	1554	MAN	dada
5177	Matis	1733	RAINBOW	dadamɨkaß
5178	Matis	1229	OLD	dadasibo
5179	Matis	1672	WRITE	dadawa
5181	Matis	1371	KNEE	danbɨdu
5182	Matis	1895	CLOTHES	datonkete
5183	Matis	928	EMBRACE	dayun
5184	Matis	1355	LAUGH	den
5185	Matis	2019	HAMMOCK	di
5186	Matis	1432	CUT	dɨd
5187	Matis	705	GO UP (ASCEND)	do
5188	Matis	730	SNAKE	dunu
5189	Matis	749	ENTER	edkin
5190	Matis	1580	ONLY	epapa
5191	Matis	1493	ONE	epapa
5192	Matis	946	BLOOD	imi
5193	Matis	1233	NIGHT	imɨd
5194	Matis	1220	TAIL	ina
5195	Matis	1339	MORNING	intßɨßmantsɨk
5196	Matis	1819	LOOK	is
5198	Matis	1602	WAKE UP	isukun
5200	Matis	906	TREE	iwi
5201	Matis	1210	HEAVY	iwɨ
5202	Matis	478	LIP	ɨkßak
5203	Matis	1621	SNEEZE	ɨktißun
5204	Matis	1425	GREEN	ɨmu
5205	Matis	714	SEED	ɨßɨ
5207	Matis	1443	WALK	kapo
5208	Matis	1435	HUNT	kapo
5209	Matis	1291	BACK	kaßuku
5211	Matis	1198	MANY	kimo
5212	Matis	1667	HOLE	kini
5213	Matis	297	CROOKED	kodo
5214	Matis	1100	COOK (SOMETHING)	kodoka
5215	Matis	1107	GO OUT	ku
5216	Matis	52	SHIVER	ku, takaßke
5217	Matis	1408	HEAR	kuak
5218	Matis	695	GO	kuan
5219	Matis	1398	DRY	kudu
5220	Matis	678	BEARD	kuißakete
5221	Matis	737	LIGHT (IGNITE)	kuɨta
5222	Matis	141	BURN (SOMETHING)	kuke
5223	Matis	212	FIELD	maɨ
5225	Matis	1583	BRAIN	mapi
5226	Matis	671	SAND	masi
5227	Matis	2648	HAIR (HEAD)	maßakete
5228	Matis	857	STONE	maßaß, meko
5229	Matis	1760	YOUNGER BROTHER	maßku
5230	Matis	1256	HEAD	maßo
5231	Matis	907	OLD WOMAN	matßo
5232	Matis	3653	COOKING POT	matsu
5233	Matis	632	LIZARD	maud
5234	Matis	1149	ORPHAN	mena
5235	Matis	1447	GIVE	mene
5236	Matis	1571	SELL	mene
5237	Matis	10	FIREWOOD	mente
5238	Matis	2017	MIX	miß
5239	Matis	1937	THERE	mɨduk
5240	Matis	1277	HAND	mɨkan
5242	Matis	492	THREE	mɨkan tan ted
5244	Matis	141	BURN (SOMETHING)	mɨßte
5245	Matis	1258	FINGERNAIL	mɨtis
5246	Matis	420	FOREST	moßo
5247	Matis	1879	DANCE	munud
5248	Matis	1920	DREAM (SOMETHING)	namaka
5249	Matis	634	MEAT	nami
5250	Matis	1625	DEAD	nano
5251	Matis	1413	PLAY	ne
5252	Matis	138	BATHE	neskin
5253	Matis	1838	NAVEL	nik
5255	Matis	136	HERE	nɨ
5256	Matis	1376	NOW	nɨbi kimo
5257	Matis	619	ANIMAL	nɨiʃ
5259	Matis	1261	SING	nowa
5260	Matis	1970	CANOE	nunte
5261	Matis	1623	SPEAK	onke
5262	Matis	1280	FALL	padkɨd, pakad
5263	Matis	1393	HORN (ANATOMY)	pais
5264	Matis	593	POTATO	papa
5265	Matis	1304	CHILD (YOUNG HUMAN)	papi
5266	Matis	1246	SMALL	papitsɨk, tuku
5267	Matis	1247	EAR	papußan
5268	Matis	1231	NEW	paßa
5269	Matis	1864	HUNGER	pekas
5270	Matis	256	FOOD	pete
5271	Matis	1728	ROTTEN	pisi
5272	Matis	1961	NECKLACE	piskaden
5273	Matis	1793	BAT	pɨwɨn
5274	Matis	680	BREAK (DESTROY OR GET DESTROYED)	podkɨmɨd
5275	Matis	1673	ARM	podo
5277	Matis	1185	VULTURE	puikun
5278	Matis	1251	BELLY	puk
5279	Matis	1539	BASKET	sapa
5280	Matis	1329	TOMORROW	sedke
5282	Matis	1052	LIGHT (WEIGHT)	ßakad
5283	Matis	1996	GET TIRED	ßakak
5284	Matis	112	TURTLE	ßawɨ
5286	Matis	1380	TOOTH	ßɨta
5287	Matis	1175	GHOST	ßo
5288	Matis	677	AXE	ßodko
5289	Matis	178	RIPE	ßu
5290	Matis	1252	HOUSE	ßubu
5291	Matis	1222	PENIS	ßui
5292	Matis	1402	BREAST	ßuma
5293	Matis	2790	HIGH OR TALL	ßunu
5296	Matis	704	CLEAN	ʃebad
5297	Matis	1453	WASH	ʃik
5298	Matis	1424	YELLOW	ʃin
5299	Matis	1301	FOOT	taɨ
5300	Matis	1318	CHICKEN	takada
5301	Matis	1410	KNOW (SOMETHING)	tanawa
5302	Matis	977	ARROW	tawa
5303	Matis	1333	NECK	tɨtun
5304	Matis	506	MAIZE	tsadi
5305	Matis	1917	TIE	tse
5307	Matis	321	CHEW	tßakawa
5308	Matis	1428	BURNING	tßaman
5309	Matis	227	FISH	tßapa
5310	Matis	666	RIVER	tßɨßɨ
5311	Matis	1446	COME	tßo
5313	Matis	1086	WORK (ACTIVITY)	tßonoad
5314	Matis	1234	SMOOTH	tßuku
5315	Matis	1758	OLDER SISTER	tßutßu
5316	Matis	811	SOUL	tsusin
5317	Matis	1646	GIRL	tʃanpi
5318	Matis	77	YOUNG WOMAN	tʃanpi
5319	Matis	1936	DEER	tʃaßu
5320	Matis	897	SWALLOW	tʃe
5321	Matis	1372	MEDICINE	tʃete
5322	Matis	1761	YOUNGER SISTER	tʃibi
5323	Matis	1335	WHITE	tʃidabo
5324	Matis	962	WOMAN	tʃidabo
5325	Matis	887	BITTER	tʃimu
5326	Matis	1387	ARRIVE	tʃinukun
5327	Matis	1421	SUCK	tʃiʃ
5328	Matis	1456	THROW	ttʃanpiik
5329	Matis	744	EGG	tu
5330	Matis	1606	INSIDE	tuka
5331	Matis	797	TESTICLES	ubu
5332	Matis	1278	VOMIT	uk
5333	Matis	1174	YESTERDAY	ußto
5334	Matis	1585	SLEEP	uʃ
5335	Matis	1287	COLD	waduß
5336	Matis	948	WATER	waka
5337	Matis	658	RAIN (PRECIPITATION)	we
5338	Matis	1766	FINISH	weskin
5339	Matis	1075	TRAP (PITFALL)	widu
5340	Matis	1839	CRY	win
5341	Matis	163	BLACK	wisu
5342	Matis	1394	BONE	wiʃpo
6354	Poyanawa	1728	ROTTEN	abixay
6355	Poyanawa	819	STOMACH	atu
6356	Poyanawa	817	THEY	atuh
6357	Poyanawa	925	CASSAVA	atsa
6358	Poyanawa	962	WOMAN	awĩ
6359	Poyanawa	1199	WIFE	awĩvu
6360	Poyanawa	1292	BAD	awĩtia
6361	Poyanawa	1307	LANGUAGE	ãda
6362	Poyanawa	406	OLD MAN	ãdivu
6363	Poyanawa	1405	NAME	ãde
6364	Poyanawa	763	SKIN	ãsi
6365	Poyanawa	1231	NEW	bahu
6367	Poyanawa	1228	EARTH (SOIL)	bay
6368	Poyanawa	1287	COLD	basi
6369	Poyanawa	1398	DRY	basku
6370	Poyanawa	671	SAND	baši
6371	Poyanawa	2	DUST	baxivuhnã
6372	Poyanawa	1366	BOY	buy
6373	Poyanawa	1433	HIT	burutu
6374	Poyanawa	1726	WET	buxa
6375	Poyanawa	1251	BELLY	dahva
6376	Poyanawa	492	THREE	darãnã
6377	Poyanawa	297	CROOKED	daravãku
6378	Poyanawa	1209	I	ea
6379	Poyanawa	714	SEED	ehe
6380	Poyanawa	1209	I	enã
6381	Poyanawa	1217	FATHER	epa
6382	Poyanawa	1216	MOTHER	ewa
6383	Poyanawa	1204	BARK	haka
6384	Poyanawa	1449	RUB	haki
6385	Poyanawa	1394	BONE	haw
6386	Poyanawa	506	MAIZE	heki
6388	Poyanawa	737	LIGHT (IGNITE)	hiki
6389	Poyanawa	175	BLOW (OF WIND)	huã
6390	Poyanawa	1402	BREAST	hũba
6391	Poyanawa	1202	BIG	hukũba
6392	Poyanawa	1337	PIG	iauaydĩkia
6393	Poyanawa	1233	NIGHT	iãvu
6394	Poyanawa	1425	GREEN	ikãba
6395	Poyanawa	221	FIRE	ikutĩba
6396	Poyanawa	1554	MAN	iravu
6397	Poyanawa	1292	BAD	irũba
6398	Poyanawa	1267	NARROW	iruixta
6399	Poyanawa	1238	WHEN	isa
6400	Poyanawa	1441	FLY (MOVE THROUGH AIR)	iũda
6401	Poyanawa	619	ANIMAL	iũĩda
6402	Poyanawa	937	BIRD	iũĩdapuya
6403	Poyanawa	227	FISH	iumã
6404	Poyanawa	811	SOUL	iüxĩ
6405	Poyanawa	1229	OLD	iwa
6406	Poyanawa	906	TREE	iwi
6407	Poyanawa	1480	BODY	iwrakuĩ
6408	Poyanawa	677	AXE	ĩãbi
6409	Poyanawa	946	BLOOD	ĩbi
6412	Poyanawa	489	KIDNEY	kahku
6413	Poyanawa	674	MOUTH	keha
6414	Poyanawa	1261	SING	kewe
6415	Poyanawa	141	BURN (SOMETHING)	kua
6417	Poyanawa	778	SMOKE (EXHAUST)	kũĩ
6418	Poyanawa	1421	SUCK	kuku
6419	Poyanawa	678	BEARD	kurãdi
6420	Poyanawa	1417	KILL	kuxa
6421	Poyanawa	1213	YOU	mã
6422	Poyanawa	628	LEAF	mãdĩ
6423	Poyanawa	1393	HORN (ANATOMY)	mãhũ
6424	Poyanawa	1277	HAND	mãkã
6425	Poyanawa	1183	PALM OF HAND	mãkã data
6426	Poyanawa	1303	FINGER	mãkã bevi
6427	Poyanawa	749	ENTER	manaki
6428	Poyanawa	1215	THOU	mĩ
6429	Poyanawa	977	ARROW	mĩmã
6430	Poyanawa	136	HERE	nĩdu
6431	Poyanawa	1937	THERE	nũdia
6432	Poyanawa	1360	DUCK	nũnũ
6433	Poyanawa	1247	EAR	pabĩki
6434	Poyanawa	1424	YELLOW	pãxĩ
6435	Poyanawa	1336	EAT	pi
6436	Poyanawa	1336	EAT	pĩ
6437	Poyanawa	801	RIB	pixi
6438	Poyanawa	1673	ARM	puyã
6439	Poyanawa	1201	FEATHER	puy
6440	Poyanawa	937	BIRD	puyavu
6441	Poyanawa	1201	FEATHER	puybixtĩ
6442	Poyanawa	1413	PLAY	puta
6443	Poyanawa	1291	BACK	puti
6444	Poyanawa	1498	TWO	ravu
6445	Poyanawa	1493	ONE	ravukãba
6447	Poyanawa	1221	NOSE	rãkĩ
6448	Poyanawa	1371	KNEE	rãtuhku
6450	Poyanawa	1730	CHEEK	tãbu
6451	Poyanawa	688	LUNG	tãhã
6452	Poyanawa	1224	LIVER	taka
6453	Poyanawa	1301	FOOT	tay
6454	Poyanawa	980	HEEL	taytxĩpu
6455	Poyanawa	1219	WORM	taxi
6456	Poyanawa	670	ROOT	tatxa
6457	Poyanawa	1333	NECK	tehu
6458	Poyanawa	1838	NAVEL	tuku
6459	Poyanawa	1936	DEER	txahu
6460	Poyanawa	1203	LONG	txaypa
6461	Poyanawa	163	BLACK	txuhu
6462	Poyanawa	239	FLOWER	txuku
6463	Poyanawa	1439	SWIM	ua
6464	Poyanawa	948	WATER	uaka
6465	Poyanawa	2648	HAIR (HEAD)	uh
6466	Poyanawa	1335	WHITE	uhu
6467	Poyanawa	1256	HEAD	uhka
6468	Poyanawa	658	RAIN (PRECIPITATION)	uy
6469	Poyanawa	2009	DOG	utxiti
6470	Poyanawa	72	CLAW	uãtis
6471	Poyanawa	1313	MOON	ũhũdi
6472	Poyanawa	1223	HEART	ũĩti
6473	Poyanawa	77	YOUNG WOMAN	ũtuku
6474	Poyanawa	1507	FRUIT	ũxi
6475	Poyanawa	1623	SPEAK	vãda
6476	Poyanawa	1200	HUSBAND	vãdi
6477	Poyanawa	1970	CANOE	vãdi iakati
6478	Poyanawa	981	ELBOW	vãhũ
6479	Poyanawa	1366	BOY	vakevu
6480	Poyanawa	1246	SMALL	vakevu
6481	Poyanawa	1366	BOY	vakevuiravu
6482	Poyanawa	1646	GIRL	vakevuawĩvu
6483	Poyanawa	123	FOREHEAD	vãnãmã
6484	Poyanawa	2252	PATH	vay
6485	Poyanawa	1220	TAIL	vãti
6486	Poyanawa	882	PARROT	vawa
6487	Poyanawa	1509	MOSQUITO	vi
6488	Poyanawa	1248	EYE	veru
6491	Poyanawa	1430	STAR	vuxa
6492	Poyanawa	1208	CAT	xãduewe
6493	Poyanawa	503	FROG	xãki
6494	Poyanawa	1274	SALT	xaw
6495	Chiriva	1035	GOOD	sheoma
6496	Chiriva	1292	BAD	besoma
6497	Chiriva	1217	FATHER	reomo
6498	Chiriva	1216	MOTHER	yllquite
6499	Chiriva	1493	ONE	tevisí
6500	Chiriva	1498	TWO	jorová
6501	Tutxiunaua	2648	HAIR (HEAD)	vô
6502	Tutxiunaua	1256	HEAD	mapô
6503	Tutxiunaua	1173	EYEBROW	vô-ispi
6504	Tutxiunaua	1247	EAR	patin
6505	Tutxiunaua	1307	LANGUAGE	anan
6506	Tutxiunaua	478	LIP	quexi
6507	Tutxiunaua	1221	NOSE	rechan
6508	Tutxiunaua	1333	NECK	texou
6509	Tutxiunaua	1277	HAND	mitico
6510	Tutxiunaua	1673	ARM	mançan
6511	Tutxiunaua	1223	HEART	uiutê
6512	Tutxiunaua	819	STOMACH	postô
6513	Tutxiunaua	1297	LEG	taxou
6514	Tutxiunaua	1301	FOOT	tai
6515	Tutxiunaua	946	BLOOD	lui
6516	Tutxiunaua	962	WOMAN	ain-vô
6517	Tutxiunaua	1554	MAN	vô-né
6518	Tutxiunaua	77	YOUNG WOMAN	titina
6519	Tutxiunaua	1217	FATHER	ipá
6520	Tutxiunaua	1216	MOTHER	luá
6521	Tutxiunaua	1200	HUSBAND	vô-dé
6522	Tutxiunaua	1199	WIFE	auin
6523	Tutxiunaua	948	WATER	uá
6524	Tutxiunaua	221	FIRE	tú
6525	Tutxiunaua	221	FIRE	ú-usôa
6526	Tutxiunaua	1732	SKY	nai
6527	Tutxiunaua	1430	STAR	naibirou
6528	Tutxiunaua	811	SOUL	iuchim
6529	Tutxiunaua	1336	EAT	piim
6530	Tutxiunaua	1401	DRINK	uaua
6531	Tutxiunaua	215	LIE DOWN	uchaia
6532	Tutxiunaua	1564	LAZY	chanian
6533	Tutxiunaua	1086	WORK (ACTIVITY)	raian
6534	Tutxiunaua	1100	COOK (SOMETHING)	pitian
6536	Tutxiunaua	1959	RAW	pachá
6537	Tutxiunaua	737	LIGHT (IGNITE)	pepuai
6538	Tutxiunaua	677	AXE	diabin
6539	Tutxiunaua	1494	DIE	nai
6540	Tutxiunaua	1819	LOOK	birou
6542	Tutxiunaua	1879	DANCE	boundou
6543	Tutxiunaua	705	GO UP (ASCEND)	idai
6544	Tutxiunaua	2014	GO DOWN (DESCEND)	mairiçai
6545	Tutxiunaua	1447	GIVE	aianon
6546	Tutxiunaua	1828	ASK (REQUEST)	eiainan
6547	Tutxiunaua	1415	THINK (REFLECT)	chinain
6548	Tutxiunaua	1917	TIE	mixain
6549	Tutxiunaua	1127	SEND	petean
6550	Tutxiunaua	1408	HEAR	niai
6551	Tutxiunaua	1195	GIVE BIRTH	cain
6552	Tutxiunaua	592	PISS	issoin
6553	Tutxiunaua	676	SHIT (DEFECATE)	pui
6554	Tutxiunaua	1864	HUNGER	vinê
6555	Tutxiunaua	925	CASSAVA	atçá
6556	Tutxiunaua	974	TOBACCO	romã
6557	Tutxiunaua	1850	COTTON	champô
6558	Tutxiunaua	1507	FRUIT	vimi
6559	Tutxiunaua	906	TREE	ivi
6560	Tutxiunaua	420	FOREST	ivi-tapá
6561	Tutxiunaua	1035	GOOD	chara
6562	Tutxiunaua	1292	BAD	chacá
6563	Tutxiunaua	1793	BAT	cachi
6564	Tutxiunaua	1936	DEER	tchatchau
6565	Tutxiunaua	1337	PIG	ondô
6566	Tutxiunaua	763	SKIN	assin
6567	Tutxiunaua	112	TURTLE	nexú
6568	Tutxiunaua	1509	MOSQUITO	vim
6569	Tutxiunaua	1011	BRIDGE	iuiton
6570	Tutxiunaua	624	LAKE	inhan
6571	Tutxiunaua	640	MUD	pospô
6572	Tutxiunaua	1011	BRIDGE	chubouan
6573	Tutxiunaua	977	ARROW	pia
6574	Tutxiunaua	1218	ROPE	rici
6575	Tutxiunaua	1791	BUTTERFLY	poscoiaia
6576	Tutxiunaua	1425	GREEN	chou
6577	Tutxiunaua	1475	COMB	usté
6578	Tutxiunaua	189	HAIR (BODY)	chani
6579	Tutxiunaua	251	SHARPEN (SOMETHING)	esquein
6580	Tutxiunaua	996	DEAF	patá
6581	Nucuyni	2648	HAIR (HEAD)	vou
6582	Nucuyni	1256	HEAD	mapú
6583	Nucuyni	1248	EYE	buirú
6584	Nucuyni	1247	EAR	pabim
6585	Nucuyni	478	LIP	eja
6586	Nucuyni	1307	LANGUAGE	aná
6587	Nucuyni	1380	TOOTH	cheta
6588	Nucuyni	123	FOREHEAD	voumana
6589	Nucuyni	1173	EYEBROW	buspite
6590	Nucuyni	1540	EYELASH	bismite
6592	Nucuyni	678	BEARD	rani
6593	Nucuyni	1221	NOSE	rein
6594	Nucuyni	1333	NECK	tenton
6595	Nucuyni	1346	THROAT	cheati
6596	Nucuyni	1482	SHOULDER	chúchú
6597	Nucuyni	1592	CHEST	guchi
6598	Nucuyni	801	RIB	pinchin
6599	Nucuyni	1277	HAND	muim
6600	Nucuyni	1303	FINGER	mubo
6601	Nucuyni	72	CLAW	muncim
6602	Nucuyni	1673	ARM	puiam
6603	Nucuyni	1886	ARMPIT	pincham
6604	Nucuyni	1223	HEART	unite
6605	Nucuyni	819	STOMACH	pucu
6607	Nucuyni	1291	BACK	puchi
6608	Nucuyni	471	UPPER LEG (THIGH)	bista
6609	Nucuyni	1297	LEG	esqui
6610	Nucuyni	1301	FOOT	taqui
6612	Nucuyni	1554	MAN	irabú
6613	Nucuyni	962	WOMAN	aibú
6614	Nucuyni	1366	BOY	vaupista
6615	Nucuyni	1646	GIRL	capini
6616	Nucuyni	1217	FATHER	ipã
6617	Nucuyni	1216	MOTHER	enua
6619	Nucuyni	1035	GOOD	pue
6620	Nucuyni	1292	BAD	chacabú
6621	Nucuyni	1202	BIG	cuiataba
6622	Nucuyni	1585	SLEEP	uscai
6623	Nucuyni	1336	EAT	pirine
6624	Nucuyni	606	GRASS	basi
6625	Nucuyni	1936	DEER	cachú
6626	Nucuyni	1936	DEER	bicho
6629	Nucuyni	730	SNAKE	chanu
6630	Nucuyni	882	PARROT	baua
6631	Nucuyni	587	ANT	isi
6632	Nucuyni	1517	WASP	cabispa
6633	Nucuyni	665	BEE	bunapui
6634	Maropa	1554	MAN	dre-ja
6635	Maropa	962	WOMAN	á-nu
6636	Maropa	1366	BOY	dre-já-ve
6637	Maropa	1646	GIRL	pu-ná-ve
6638	Maropa	1289	BABY	e-ja-ná-ve
6639	Maropa	1200	HUSBAND	qui-i-á-ve
6640	Maropa	1199	WIFE	qui-e-vá-ne
6641	Maropa	1759	OLDER BROTHER	bé-tri
6642	Maropa	1760	YOUNGER BROTHER	chin-tri
6643	Maropa	1758	OLDER SISTER	drún-dru
6644	Maropa	1761	YOUNGER SISTER	lá-na
6645	Maropa	1256	HEAD	e-chu-ja
6646	Maropa	189	HAIR (BODY)	e-tra
6647	Maropa	1560	FACE	em-bu
6648	Maropa	123	FOREHEAD	em-mâ-ta
6649	Maropa	1247	EAR	e-sha-cué-na
6650	Maropa	1248	EYE	e ta-chún-drú
6651	Maropa	1221	NOSE	e-vi
6652	Maropa	674	MOUTH	e-qua-trá
6653	Maropa	1205	TONGUE	e-á-na
6654	Maropa	1380	TOOTH	e tré
6655	Maropa	678	BEARD	eüe-sá
6656	Maropa	1333	NECK	e-ti-pi
6657	Maropa	1673	ARM	em-baí
6658	Maropa	1277	HAND	em-e
6659	Maropa	1303	FINGER	em-e-chú-ja
6660	Maropa	1480	BODY	e-á-mi
6661	Maropa	1592	CHEST	e-chén-tru
6662	Maropa	1251	BELLY	e-sé
6663	Maropa	1402	BREAST	a-tru
6664	Maropa	1297	LEG	e-tá
6665	Maropa	1301	FOOT	e-vá-tri
6666	Maropa	1394	BONE	e-trá
6667	Maropa	1223	HEART	ma-su-mú
6668	Maropa	946	BLOOD	á-mi
6669	Maropa	3609	TOWN OR VILLAGE	e-jun-tré
6670	Maropa	301	CHIEFTAIN	casique
6671	Maropa	1325	FRIEND	e-pe-ré-je
6672	Maropa	1252	HOUSE	e-tai
6673	Maropa	994	BOW	pi-zá-trú-e
6674	Maropa	977	ARROW	pi-zá
6675	Maropa	1970	CANOE	cu-am-bá
6676	Maropa	974	TOBACCO	u-ma-za
6677	Maropa	1732	SKY	em-ba-qua-pa-chá
6678	Maropa	1343	SUN	i-sje-ti
6679	Maropa	1313	MOON	ban-trí
6680	Maropa	1430	STAR	bu-a-ná-vi
6681	Maropa	1225	DAY (NOT NIGHT)	trí-ne
6682	Maropa	1233	NIGHT	a-pu-mé
6683	Maropa	1339	MORNING	maí-ta
6684	Maropa	1629	EVENING	tri-ne-quá
6685	Maropa	960	WIND	bé-ni
6686	Maropa	1150	THUNDER	tí-ri
6687	Maropa	1654	LIGHTNING	ji-li-ji-li
6688	Maropa	221	FIRE	cuá-ti
6689	Maropa	948	WATER	yú-vi
6691	Maropa	624	LAKE	bai
6692	Maropa	1274	SALT	bá-no
6693	Maropa	420	FOREST	hay-jin-tru
6694	Maropa	906	TREE	á-qui
6695	Maropa	1803	WOOD	á-qui
6696	Maropa	628	LEAF	e que ná
6697	Maropa	1204	BARK	em-bi-ti
6698	Maropa	606	GRASS	e-á-ji
6699	Maropa	506	MAIZE	shí-je
6700	Maropa	864	PUMPKIN	jé-mi
6701	Maropa	2009	DOG	pa-cu
6702	Maropa	1936	DEER	ba-trú-nu
6703	Maropa	1504	FLY (INSECT)	be-bi
6704	Maropa	1509	MOSQUITO	dri
6705	Maropa	730	SNAKE	ba-cua
6706	Maropa	937	BIRD	bú-ni
6707	Maropa	744	EGG	e-ja
6708	Maropa	1201	FEATHER	e-nú-qua
6709	Maropa	1257	WING	en-nam bai
6710	Maropa	1360	DUCK	zú-zi
6711	Maropa	227	FISH	sí-si
6712	Maropa	1405	NAME	em-bá-ni
6713	Maropa	1335	WHITE	pazáme
6714	Maropa	163	BLACK	se-bé-mi
6715	Maropa	156	RED	u-tru-mé
6716	Maropa	1424	YELLOW	za hua-mí
6717	Maropa	1202	BIG	hay mi
6718	Maropa	1246	SMALL	ba-ta-ví-chi
6720	Maropa	1229	OLD	é-si
6721	Maropa	1207	YOUNG	dre-ja-ve-ve
6722	Maropa	1035	GOOD	jun-dra
6723	Maropa	1292	BAD	e-ma-sá
6724	Maropa	1625	DEAD	ma-nují-ji
6726	Maropa	1287	COLD	vin-ná-ma
6727	Maropa	1209	I	e-me
6728	Maropa	1215	THOU	mi-ve
6729	Maropa	1212	WE	e-ca-má
6730	Maropa	1213	YOU	mi-cá-ve
6731	Maropa	817	THEY	tu-ná-ve
6734	Maropa	98	ALL	hua-ná
6735	Maropa	1198	MANY	drú-je
6736	Maropa	1235	WHO	hay-se
6737	Maropa	1406	FAR	huazumi
6738	Maropa	1942	NEAR	dre-má
6739	Maropa	136	HERE	i-e-zú
6740	Maropa	1937	THERE	i chú-zu
6741	Maropa	1174	YESTERDAY	ban-tra
6742	Maropa	1329	TOMORROW	mai-ta
6743	Maropa	1268	YES	e-e
6744	Maropa	1269	NO	má-ve
6745	Maropa	1493	ONE	pem bi-ve
6746	Maropa	1498	TWO	be-ta
6747	Maropa	492	THREE	ca-mí-scha
6750	Maropa	1336	EAT	chan-cha
6751	Maropa	1401	DRINK	jai-schi-ti
6752	Maropa	1519	RUN	van-drun-dru
6753	Maropa	1879	DANCE	ti-ri-ti-ri
6754	Maropa	1261	SING	zá-tru
6755	Maropa	1585	SLEEP	ta-bi
6756	Maropa	1623	SPEAK	mi-mi
6757	Maropa	1409	SEE	jam-ba-ti
6758	Maropa	923	LOVE	imbu-nim-bu
6759	Maropa	1417	KILL	ma-né-me
6760	Maropa	1416	SIT	a-nim-bo-ti-a
6761	Maropa	1442	STAND	né-ti
6762	Maropa	695	GO	pú-ti
6763	Maropa	1446	COME	a-pué-ya
6764	Maropa	1443	WALK	a ze
6765	Maropa	1086	WORK (ACTIVITY)	mun-dru
6766	Maropa	713	STEAL	tri
6767	Maropa	601	LIE (MISLEAD)	e-á-na
6768	Maropa	1447	GIVE	ti-á-na
6769	Maropa	1355	LAUGH	ja-schi-ba-ti
6770	Maropa	1839	CRY	je-ja-je
